OrderID,UserID,TableNumber,WaiterID,OrderDateTime,ItemsOrdered,NumberOfGuests,BillAmount,PaymentMethod,DiscountUsed,WaitTime,Tip,CustomerSatisfaction,NumItems,Tip_Percentage,Spending_per_Guest,Hour,Peak_Hour_Category,DayOfWeek,Is_Weekend
O0001,U040,5,W005,2025-01-06 13:38:00,"[Water,Soup,Pizza]",3,41.34,CreditCard,Yes,14.0,2.94,Neutral,3,7.111756168359941,13.780000000000001,13,Lunch,Monday,0
O0002,U028,7,W005,2025-01-05 03:03:00,"[Fries,Soup]",1,44.18,PayPal,No,18.0,5.49,Satisfied,2,12.426437301946583,44.18,3,Off-Peak,Sunday,1
O0003,U011,4,W003,2025-01-02 01:12:00,"[Bread,Beer,Soup,Coke]",5,60.16,Cash,Yes,49.0,4.72,Neutral,4,7.845744680851063,12.032,1,Off-Peak,Thursday,0
O0004,U023,5,W007,2025-01-08 22:41:00,"[Salad,Fries]",1,40.75,Cash,Yes,42.0,6.4,Satisfied,2,15.70552147239264,40.75,22,Off-Peak,Wednesday,0
O0005,U047,2,W003,2025-01-01 18:21:00,"[Soup,Burger,Pasta,Bread]",1,71.96,Cash,No,58.0,10.14,Satisfied,4,14.09116175653141,71.96,18,Dinner,Wednesday,0
O0006,U011,2,W006,2025-01-06 21:43:00,"[Burger,Salad]",4,33.28,PayPal,Yes,15.0,0.0,Unsatisfied,2,0.0,8.32,21,Dinner,Monday,0
O0007,U044,10,W003,2025-01-05 16:15:00,"[Juice,Pizza,Pasta,Water,Salad]",2,92.57,PayPal,Yes,29.0,14.35,Satisfied,5,15.50178243491412,46.285,16,Off-Peak,Sunday,1
O0008,U044,2,W005,2025-01-03 22:05:00,[Wine],4,35.06,PayPal,Yes,29.0,5.49,Satisfied,1,15.658870507701083,8.765,22,Off-Peak,Friday,0
O0009,U009,1,W003,2025-01-04 11:30:00,[Salad],5,33.56,Cash,No,49.0,0.0,Unsatisfied,1,0.0,6.712000000000001,11,Lunch,Saturday,1
O0010,U017,7,W004,2025-01-08 06:22:00,"[Fries,Pasta]",1,43.85,CreditCard,Yes,49.0,0.0,Unsatisfied,2,0.0,43.85,6,Off-Peak,Wednesday,0
O0011,U023,3,W008,2025-01-07 10:39:00,[Coke],4,25.42,CreditCard,Yes,59.0,1.34,Neutral,1,5.271439811172305,6.355,10,Off-Peak,Tuesday,0
O0012,U009,8,W010,2025-01-01 11:23:00,"[Juice,Coke]",2,27.01,CreditCard,No,47.0,0.53,Neutral,2,1.9622362088115513,13.505,11,Lunch,Wednesday,0
O0013,U005,7,W001,2025-01-06 20:41:00,"[Water,Beer,Juice,Pasta,Fries]",3,139.52,CreditCard,Yes,5.0,8.24,Neutral,5,5.905963302752293,46.50666666666667,20,Dinner,Monday,0
O0014,U014,9,W002,2025-01-08 14:39:00,"[Beer,Bread]",5,68.54,PayPal,Yes,15.0,2.41,Neutral,2,3.516194922672892,13.708000000000002,14,Lunch,Wednesday,0
O0015,U003,5,W009,2025-01-10 06:49:00,"[Pasta,Soup,Juice,Fries,Burger]",1,139.81,CreditCard,No,41.0,13.56,Satisfied,5,9.698877047421501,139.81,6,Off-Peak,Friday,0
O0016,U032,3,W003,2025-01-06 22:46:00,[Beer],4,35.03,CreditCard,No,20.0,0.0,Unsatisfied,1,0.0,8.7575,22,Off-Peak,Monday,0
O0017,U012,5,W005,2025-01-05 15:56:00,[Coke],1,14.75,CreditCard,Yes,50.0,0.0,Unsatisfied,1,0.0,14.75,15,Off-Peak,Sunday,1
O0018,U027,3,W010,2025-01-05 09:38:00,"[Soup,Pizza]",3,57.0,Cash,Yes,21.0,3.97,Satisfied,2,6.964912280701754,19.0,9,Off-Peak,Sunday,1
O0019,U035,3,W009,2025-01-10 01:07:00,[Bread],6,39.54,Cash,No,38.0,3.29,Neutral,1,8.320687910976227,6.59,1,Off-Peak,Friday,0
O0020,U048,6,W008,2025-01-10 19:37:00,"[Coke,Water]",2,58.89,CreditCard,Yes,36.0,2.11,Neutral,2,3.58295126507047,29.445,19,Dinner,Friday,0
O0021,U006,1,W001,2025-01-09 10:47:00,"[Fries,Beer,Coke,Pizza]",5,79.86,CreditCard,Yes,17.0,6.46,Satisfied,4,8.08915602304032,15.972,10,Off-Peak,Thursday,0
O0022,U035,6,W002,2025-01-05 17:40:00,"[Bread,Pasta,Water]",5,66.95,PayPal,Yes,29.0,0.0,Unsatisfied,3,0.0,13.39,17,Off-Peak,Sunday,1
O0023,U028,6,W010,2025-01-02 10:14:00,"[Water,Steak,Fries]",2,42.37,Cash,No,33.0,2.51,Neutral,3,5.924002832192589,21.185,10,Off-Peak,Thursday,0
O0024,U007,3,W006,2025-01-09 18:39:00,"[Pizza,Pasta,Beer,Salad]",5,98.06,CreditCard,No,39.0,0.0,Unsatisfied,4,0.0,19.612000000000002,18,Dinner,Thursday,0
O0025,U029,6,W004,2025-01-07 09:51:00,"[Steak,Beer,Soup,Water,Fries]",4,134.42,CreditCard,No,32.0,16.03,Satisfied,5,11.925308733819374,33.605,9,Off-Peak,Tuesday,0
O0026,U020,7,W002,2025-01-01 11:14:00,"[Fries,Water,Pasta]",6,100.75,PayPal,No,30.0,3.68,Neutral,3,3.652605459057072,16.791666666666668,11,Lunch,Wednesday,0
O0027,U041,9,W002,2025-01-09 08:32:00,"[Steak,Salad,Juice,Burger,Coke]",6,143.69,CreditCard,No,30.0,8.66,Satisfied,5,6.026863386456957,23.948333333333334,8,Off-Peak,Thursday,0
O0028,U037,7,W003,2025-01-06 11:16:00,"[Juice,Wine,Bread,Coke]",6,64.22,Cash,Yes,46.0,6.07,Satisfied,4,9.451884148240424,10.703333333333333,11,Lunch,Monday,0
O0029,U018,4,W002,2025-01-01 20:05:00,"[Beer,Fries,Bread]",5,81.83,CreditCard,No,7.0,0.0,Unsatisfied,3,0.0,16.366,20,Dinner,Wednesday,0
O0030,U040,8,W001,2025-01-07 19:12:00,"[Bread,Soup,Pizza]",5,53.4,PayPal,Yes,47.0,9.96,Satisfied,3,18.65168539325843,10.68,19,Dinner,Tuesday,0
O0031,U033,5,W010,2025-01-02 00:45:00,"[Pasta,Steak,Bread,Beer]",4,103.29,PayPal,No,25.0,0.0,Unsatisfied,4,0.0,25.8225,0,Off-Peak,Thursday,0
O0032,U028,1,W008,2025-01-09 18:32:00,"[Pizza,Soup]",3,48.92,PayPal,Yes,11.0,1.73,Neutral,2,3.536385936222404,16.30666666666667,18,Dinner,Thursday,0
O0033,U009,1,W007,2025-01-03 18:56:00,"[Soup,Steak,Pasta,Coke,Juice]",1,115.81,Cash,No,30.0,9.34,Neutral,5,8.064933943528192,115.81,18,Dinner,Friday,0
O0034,U016,5,W007,2025-01-04 05:16:00,"[Burger,Pasta,Wine]",6,44.44,Cash,Yes,10.0,0.0,Unsatisfied,3,0.0,7.406666666666666,5,Off-Peak,Saturday,1
O0035,U033,5,W004,2025-01-04 09:54:00,[Burger],3,24.1,Cash,Yes,37.0,1.92,Neutral,1,7.966804979253111,8.033333333333333,9,Off-Peak,Saturday,1
O0036,U028,6,W003,2025-01-03 03:02:00,"[Steak,Salad,Burger,Beer]",4,82.87,CreditCard,Yes,32.0,5.75,Satisfied,4,6.938578496440208,20.7175,3,Off-Peak,Friday,0
O0037,U003,6,W006,2025-01-09 01:23:00,"[Steak,Burger]",1,43.94,PayPal,Yes,8.0,1.91,Neutral,2,4.346836595357305,43.94,1,Off-Peak,Thursday,0
O0038,U012,10,W007,2025-01-01 22:38:00,"[Pasta,Salad,Fries]",6,49.79,PayPal,Yes,50.0,2.83,Satisfied,3,5.6838722635067285,8.298333333333334,22,Off-Peak,Wednesday,0
O0039,U047,4,W001,2025-01-08 22:26:00,[Water],1,18.02,Cash,No,38.0,1.08,Neutral,1,5.993340732519424,18.02,22,Off-Peak,Wednesday,0
O0040,U021,6,W010,2025-01-09 22:45:00,"[Salad,Burger]",3,47.16,PayPal,Yes,8.0,3.33,Satisfied,2,7.061068702290077,15.719999999999999,22,Off-Peak,Thursday,0
O0041,U047,10,W009,2025-01-04 00:22:00,"[Beer,Water,Bread,Juice,Pasta]",6,88.77,PayPal,Yes,44.0,0.0,Unsatisfied,5,0.0,14.795,0,Off-Peak,Saturday,1
O0042,U011,1,W006,2025-01-06 23:16:00,"[Pasta,Bread,Salad]",1,66.69,PayPal,No,41.0,1.88,Neutral,3,2.8190133453291346,66.69,23,Off-Peak,Monday,0
O0043,U001,10,W010,2025-01-01 16:14:00,"[Pizza,Burger,Soup,Bread,Wine]",6,105.15,CreditCard,No,24.0,0.0,Unsatisfied,5,0.0,17.525000000000002,16,Off-Peak,Wednesday,0
O0044,U035,9,W002,2025-01-06 06:32:00,"[Pizza,Juice,Fries]",3,52.22,PayPal,Yes,36.0,2.12,Neutral,3,4.059747223286098,17.406666666666666,6,Off-Peak,Monday,0
O0045,U003,4,W006,2025-01-08 14:39:00,"[Juice,Fries,Burger,Coke,Pasta]",4,54.16,PayPal,Yes,17.0,8.22,Satisfied,5,15.177252584933532,13.54,14,Lunch,Wednesday,0
O0046,U041,7,W004,2025-01-07 05:02:00,"[Pasta,Salad,Steak,Juice]",2,108.15,PayPal,Yes,54.0,6.61,Satisfied,4,6.111881645862229,54.075,5,Off-Peak,Tuesday,0
O0047,U024,1,W001,2025-01-01 16:19:00,[Fries],3,26.31,Cash,No,38.0,0.27,Neutral,1,1.0262257696693273,8.77,16,Off-Peak,Wednesday,0
O0048,U026,7,W006,2025-01-02 09:28:00,"[Water,Beer,Burger,Fries,Steak]",6,121.14,PayPal,Yes,35.0,5.76,Neutral,5,4.75482912332838,20.19,9,Off-Peak,Thursday,0
O0049,U031,1,W003,2025-01-08 19:47:00,"[Burger,Steak]",5,48.35,Cash,Yes,41.0,6.76,Satisfied,2,13.981385729058946,9.67,19,Dinner,Wednesday,0
O0050,U016,10,W009,2025-01-09 00:17:00,"[Soup,Beer,Salad,Coke,Water]",3,109.91,Cash,Yes,36.0,2.24,Neutral,5,2.0380311163679377,36.63666666666666,0,Off-Peak,Thursday,0
O0051,U028,7,W006,2025-01-07 11:50:00,"[Coke,Wine,Pasta,Juice]",2,83.79,PayPal,Yes,60.0,4.51,Neutral,4,5.38250387874448,41.895,11,Lunch,Tuesday,0
O0052,U034,6,W004,2025-01-01 19:21:00,"[Fries,Juice,Bread,Coke]",6,116.07,Cash,No,7.0,0.0,Unsatisfied,4,0.0,19.345,19,Dinner,Wednesday,0
O0053,U007,2,W007,2025-01-08 15:04:00,"[Wine,Bread,Pasta,Fries]",5,110.88,PayPal,Yes,43.0,0.0,Unsatisfied,4,0.0,22.176,15,Off-Peak,Wednesday,0
O0054,U049,9,W006,2025-01-07 23:15:00,[Coke],3,31.53,Cash,No,30.0,0.0,Unsatisfied,1,0.0,10.51,23,Off-Peak,Tuesday,0
O0056,U012,9,W009,2025-01-10 06:26:00,"[Water,Wine,Soup,Coke]",5,124.18,CreditCard,Yes,20.0,10.71,Neutral,4,8.624577226606538,24.836000000000002,6,Off-Peak,Friday,0
O0058,U030,5,W008,2025-01-05 23:33:00,[Bread],4,37.12,Cash,No,41.0,4.2,Satisfied,1,11.314655172413794,9.28,23,Off-Peak,Sunday,1
O0059,U004,1,W008,2025-01-02 20:22:00,"[Burger,Pizza,Juice]",6,94.94,CreditCard,No,39.0,4.47,Neutral,3,4.708236781124921,15.823333333333332,20,Dinner,Thursday,0
O0060,U033,2,W007,2025-01-08 14:19:00,[Pizza],1,16.96,CreditCard,Yes,60.0,2.9,Satisfied,1,17.099056603773583,16.96,14,Lunch,Wednesday,0
O0061,U037,7,W009,2025-01-08 11:36:00,"[Coke,Pizza,Water,Wine,Steak]",1,132.27,CreditCard,No,42.0,0.0,Unsatisfied,5,0.0,132.27,11,Lunch,Wednesday,0
O0062,U027,5,W008,2025-01-04 09:53:00,"[Beer,Soup,Burger,Steak]",4,106.92,CreditCard,No,41.0,4.65,Neutral,4,4.349046015712683,26.73,9,Off-Peak,Saturday,1
O0063,U010,4,W007,2025-01-03 01:38:00,"[Fries,Soup]",3,58.73,PayPal,Yes,52.0,8.12,Satisfied,2,13.825983313468415,19.576666666666664,1,Off-Peak,Friday,0
O0064,U037,8,W007,2025-01-05 12:10:00,"[Burger,Bread,Beer]",5,81.02,Cash,Yes,57.0,5.01,Neutral,3,6.183658355961491,16.204,12,Lunch,Sunday,1
O0065,U027,8,W003,2025-01-09 01:41:00,"[Beer,Steak,Salad,Soup]",3,57.48,Cash,No,41.0,5.35,Neutral,4,9.30758524704245,19.16,1,Off-Peak,Thursday,0
O0067,U050,4,W006,2025-01-07 01:11:00,"[Water,Pizza,Wine,Salad,Soup]",2,111.19,CreditCard,Yes,27.0,5.33,Neutral,5,4.793596546452019,55.595,1,Off-Peak,Tuesday,0
O0068,U021,10,W006,2025-01-02 16:55:00,"[Juice,Water,Salad,Steak,Wine]",2,149.6,PayPal,No,30.0,14.11,Neutral,5,9.431818181818182,74.8,16,Off-Peak,Thursday,0
O0069,U029,8,W002,2025-01-07 03:01:00,"[Salad,Steak,Coke,Water,Burger]",3,102.35,CreditCard,No,7.0,4.87,Neutral,5,4.75818270639961,34.11666666666667,3,Off-Peak,Tuesday,0
O0070,U046,10,W003,2025-01-10 15:59:00,"[Juice,Burger,Coke,Wine,Bread]",4,96.9,CreditCard,Yes,41.0,0.0,Unsatisfied,5,0.0,24.225,15,Off-Peak,Friday,0
O0071,U033,4,W002,2025-01-10 12:49:00,"[Salad,Soup,Water,Bread]",6,145.32,Cash,No,48.0,9.28,Satisfied,4,6.385906963941645,24.22,12,Lunch,Friday,0
O0072,U047,5,W006,2025-01-07 06:26:00,"[Wine,Beer]",4,37.96,CreditCard,No,32.0,0.0,Unsatisfied,2,0.0,9.49,6,Off-Peak,Tuesday,0
O0074,U003,7,W009,2025-01-04 13:51:00,"[Beer,Wine,Burger,Bread]",2,116.26,Cash,No,47.0,9.54,Satisfied,4,8.205745742301735,58.13,13,Lunch,Saturday,1
O0075,U010,8,W002,2025-01-02 16:47:00,"[Wine,Soup,Juice]",6,64.75,PayPal,No,19.0,4.98,Neutral,3,7.691119691119693,10.791666666666666,16,Off-Peak,Thursday,0
O0076,U009,1,W007,2025-01-02 03:27:00,"[Pasta,Juice,Wine]",2,35.74,CreditCard,No,40.0,1.28,Neutral,3,3.581421376608841,17.87,3,Off-Peak,Thursday,0
O0077,U006,4,W005,2025-01-05 03:24:00,"[Steak,Juice,Water,Bread]",5,109.17,Cash,Yes,8.0,0.0,Unsatisfied,4,0.0,21.834,3,Off-Peak,Sunday,1
O0078,U008,8,W004,2025-01-05 04:04:00,"[Beer,Water,Wine,Pizza]",2,80.8,CreditCard,No,5.0,1.3,Neutral,4,1.608910891089109,40.4,4,Off-Peak,Sunday,1
O0079,U044,4,W008,2025-01-04 02:25:00,"[Salad,Coke,Pizza]",1,63.13,PayPal,No,47.0,10.71,Satisfied,3,16.964992871851734,63.13,2,Off-Peak,Saturday,1
O0081,U045,3,W008,2025-01-10 12:27:00,"[Juice,Wine,Coke,Soup]",5,50.19,CreditCard,Yes,32.0,7.56,Satisfied,4,15.062761506276152,10.038,12,Lunch,Friday,0
O0082,U044,6,W001,2025-01-09 23:58:00,"[Pizza,Juice,Coke,Wine]",5,95.92,PayPal,No,54.0,3.12,Neutral,4,3.252710592160134,19.184,23,Off-Peak,Thursday,0
O0083,U028,7,W006,2025-01-02 09:23:00,"[Steak,Pasta]",4,71.48,Cash,No,21.0,0.62,Neutral,2,0.8673754896474537,17.87,9,Off-Peak,Thursday,0
O0084,U010,2,W009,2025-01-10 04:40:00,"[Water,Fries]",6,73.56,CreditCard,No,23.0,0.0,Unsatisfied,2,0.0,12.26,4,Off-Peak,Friday,0
O0085,U021,10,W007,2025-01-07 22:03:00,"[Beer,Pizza]",3,52.71,CreditCard,No,41.0,2.65,Satisfied,2,5.027509011572756,17.57,22,Off-Peak,Tuesday,0
O0086,U025,1,W006,2025-01-09 07:13:00,[Wine],6,22.43,CreditCard,Yes,19.0,0.0,Unsatisfied,1,0.0,3.7383333333333333,7,Off-Peak,Thursday,0
O0087,U015,9,W008,2025-01-03 14:09:00,"[Pasta,Soup,Juice,Burger,Beer]",2,60.5,PayPal,No,26.0,4.87,Satisfied,5,8.049586776859504,30.25,14,Lunch,Friday,0
O0088,U033,1,W003,2025-01-04 17:53:00,[Pizza],3,33.03,PayPal,Yes,6.0,4.6,Satisfied,1,13.926733272782318,11.01,17,Off-Peak,Saturday,1
O0090,U009,4,W004,2025-01-10 09:48:00,"[Coke,Beer,Salad,Bread,Water]",6,165.46,PayPal,No,32.0,10.92,Neutral,5,6.599782424755228,27.576666666666668,9,Off-Peak,Friday,0
O0091,U008,6,W007,2025-01-10 20:04:00,[Wine],1,29.84,PayPal,No,36.0,0.0,Unsatisfied,1,0.0,29.84,20,Dinner,Friday,0
O0092,U007,8,W004,2025-01-09 03:33:00,"[Coke,Soup,Bread,Fries,Beer]",2,79.47,CreditCard,No,59.0,12.33,Satisfied,5,15.51528878822197,39.735,3,Off-Peak,Thursday,0
O0093,U012,4,W002,2025-01-10 09:38:00,[Salad],3,28.83,CreditCard,No,48.0,0.0,Unsatisfied,1,0.0,9.61,9,Off-Peak,Friday,0
O0094,U018,9,W003,2025-01-08 14:44:00,"[Pasta,Soup,Coke]",5,95.33,PayPal,Yes,41.0,0.0,Unsatisfied,3,0.0,19.066,14,Lunch,Wednesday,0
O0095,U032,8,W009,2025-01-07 01:59:00,"[Steak,Water]",3,31.31,PayPal,Yes,20.0,0.8,Neutral,2,2.5550942190993293,10.436666666666666,1,Off-Peak,Tuesday,0
O0096,U028,3,W007,2025-01-06 18:22:00,"[Pasta,Wine]",2,63.75,CreditCard,No,28.0,0.0,Unsatisfied,2,0.0,31.875,18,Dinner,Monday,0
O0097,U015,8,W005,2025-01-05 09:19:00,[Wine],6,38.3,Cash,Yes,37.0,3.67,Neutral,1,9.5822454308094,6.383333333333333,9,Off-Peak,Sunday,1
O0098,U001,10,W008,2025-01-09 16:29:00,"[Juice,Coke]",5,58.43,Cash,Yes,54.0,1.87,Neutral,2,3.2004107479034745,11.686,16,Off-Peak,Thursday,0
O0099,U005,1,W008,2025-01-03 07:41:00,[Pizza],5,46.92,Cash,No,9.0,0.0,Unsatisfied,1,0.0,9.384,7,Off-Peak,Friday,0
O0100,U039,7,W001,2025-01-06 20:45:00,"[Bread,Coke]",2,34.79,CreditCard,No,55.0,0.0,Unsatisfied,2,0.0,17.395,20,Dinner,Monday,0
O0101,U012,5,W007,2025-01-08 23:59:00,"[Coke,Pasta,Salad,Burger]",1,101.55,CreditCard,No,31.0,0.0,Unsatisfied,4,0.0,101.55,23,Off-Peak,Wednesday,0
O0102,U019,8,W002,2025-01-06 12:43:00,"[Burger,Bread,Coke,Water]",3,96.61,Cash,Yes,7.0,9.31,Neutral,4,9.636683573129076,32.20333333333333,12,Lunch,Monday,0
O0103,U024,7,W005,2025-01-08 09:09:00,[Pasta],1,27.1,PayPal,No,12.0,4.8,Satisfied,1,17.712177121771216,27.1,9,Off-Peak,Wednesday,0
O0104,U003,1,W008,2025-01-06 07:16:00,"[Water,Steak,Pizza,Burger]",3,84.92,PayPal,Yes,44.0,0.0,Unsatisfied,4,0.0,28.30666666666667,7,Off-Peak,Monday,0
O0105,U043,10,W008,2025-01-03 01:11:00,"[Wine,Bread]",3,54.02,PayPal,No,31.0,1.07,Neutral,2,1.9807478711588302,18.006666666666668,1,Off-Peak,Friday,0
O0106,U009,4,W008,2025-01-10 15:33:00,"[Fries,Pasta,Bread]",1,29.9,Cash,Yes,43.0,2.44,Neutral,3,8.160535117056856,29.9,15,Off-Peak,Friday,0
O0107,U037,6,W008,2025-01-02 11:12:00,"[Steak,Pasta,Fries,Wine]",1,99.05,Cash,No,52.0,14.29,Satisfied,4,14.427057041898031,99.05,11,Lunch,Thursday,0
O0109,U046,9,W004,2025-01-04 15:56:00,[Juice],6,30.94,Cash,No,50.0,4.91,Satisfied,1,15.869424692954103,5.156666666666667,15,Off-Peak,Saturday,1
O0110,U041,2,W006,2025-01-10 15:33:00,"[Coke,Pizza,Pasta,Salad,Steak]",3,77.6,Cash,Yes,26.0,5.55,Satisfied,5,7.152061855670104,25.866666666666664,15,Off-Peak,Friday,0
O0111,U019,6,W006,2025-01-08 10:34:00,"[Bread,Soup,Wine,Juice,Beer]",1,45.78,CreditCard,Yes,60.0,0.0,Unsatisfied,5,0.0,45.78,10,Off-Peak,Wednesday,0
O0112,U016,10,W006,2025-01-03 04:29:00,"[Water,Wine]",4,39.83,CreditCard,No,51.0,1.37,Neutral,2,3.4396183781069554,9.9575,4,Off-Peak,Friday,0
O0113,U035,7,W009,2025-01-01 12:00:00,"[Salad,Bread]",1,38.85,CreditCard,No,27.0,3.24,Neutral,2,8.33976833976834,38.85,12,Lunch,Wednesday,0
O0114,U036,7,W005,2025-01-07 03:52:00,"[Salad,Juice]",2,66.39,CreditCard,No,59.0,0.0,Unsatisfied,2,0.0,33.195,3,Off-Peak,Tuesday,0
O0115,U013,7,W010,2025-01-04 13:03:00,[Water],6,38.18,CreditCard,No,16.0,2.67,Satisfied,1,6.993190151911996,6.363333333333333,13,Lunch,Saturday,1
O0117,U027,5,W008,2025-01-04 04:18:00,"[Juice,Salad,Burger]",3,51.52,Cash,Yes,40.0,1.84,Neutral,3,3.571428571428571,17.173333333333336,4,Off-Peak,Saturday,1
O0118,U035,3,W004,2025-01-02 03:49:00,"[Beer,Coke]",5,33.0,Cash,Yes,27.0,0.0,Unsatisfied,2,0.0,6.6,3,Off-Peak,Thursday,0
O0119,U021,5,W003,2025-01-09 00:38:00,"[Coke,Burger,Fries,Beer]",6,83.33,Cash,No,17.0,7.0,Satisfied,4,8.400336013440537,13.888333333333334,0,Off-Peak,Thursday,0
O0120,U030,1,W005,2025-01-05 07:14:00,"[Water,Juice,Pasta,Beer,Coke]",1,74.99,PayPal,Yes,21.0,6.45,Satisfied,5,8.601146819575945,74.99,7,Off-Peak,Sunday,1
O0121,U037,2,W007,2025-01-06 07:21:00,"[Beer,Water]",1,56.28,PayPal,Yes,43.0,6.91,Satisfied,2,12.277896233120114,56.28,7,Off-Peak,Monday,0
O0122,U007,5,W005,2025-01-05 10:14:00,[Fries],3,30.05,CreditCard,Yes,24.0,4.69,Satisfied,1,15.607321131447588,10.016666666666667,10,Off-Peak,Sunday,1
O0123,U042,9,W001,2025-01-09 12:58:00,"[Soup,Steak,Pizza,Beer,Bread]",4,54.11,CreditCard,Yes,21.0,0.84,Neutral,5,1.5523932729624839,13.5275,12,Lunch,Thursday,0
O0124,U012,5,W008,2025-01-02 15:09:00,[Fries],1,14.11,Cash,No,40.0,0.13,Neutral,1,0.9213323883770377,14.11,15,Off-Peak,Thursday,0
O0125,U049,10,W010,2025-01-09 00:01:00,"[Coke,Beer,Salad]",6,53.09,CreditCard,No,22.0,7.31,Satisfied,3,13.769071388208701,8.848333333333334,0,Off-Peak,Thursday,0
O0126,U011,3,W005,2025-01-04 02:55:00,[Juice],5,30.35,PayPal,No,60.0,0.0,Unsatisfied,1,0.0,6.07,2,Off-Peak,Saturday,1
O0127,U035,9,W003,2025-01-04 02:04:00,"[Salad,Pizza,Beer,Bread]",5,57.81,PayPal,Yes,54.0,1.23,Neutral,4,2.127659574468085,11.562000000000001,2,Off-Peak,Saturday,1
O0128,U039,3,W010,2025-01-06 02:07:00,"[Juice,Salad,Pasta]",4,50.71,CreditCard,Yes,29.0,1.74,Neutral,3,3.4312758824689413,12.6775,2,Off-Peak,Monday,0
O0129,U015,9,W005,2025-01-02 22:47:00,"[Pasta,Coke,Steak]",4,106.98,Cash,No,28.0,9.07,Neutral,3,8.478220228080016,26.745,22,Off-Peak,Thursday,0
O0130,U009,2,W004,2025-01-01 10:21:00,"[Water,Fries,Salad,Wine]",5,139.02,PayPal,No,37.0,7.06,Neutral,4,5.078405984750395,27.804000000000002,10,Off-Peak,Wednesday,0
O0131,U016,2,W008,2025-01-05 03:10:00,[Beer],2,23.02,Cash,No,17.0,1.41,Neutral,1,6.125108601216334,11.51,3,Off-Peak,Sunday,1
O0132,U006,10,W005,2025-01-02 14:52:00,"[Juice,Wine,Burger,Soup,Salad]",2,134.41,PayPal,Yes,41.0,0.0,Unsatisfied,5,0.0,67.205,14,Lunch,Thursday,0
O0133,U042,2,W003,2025-01-03 14:16:00,"[Salad,Wine]",4,48.7,PayPal,Yes,60.0,0.0,Unsatisfied,2,0.0,12.175,14,Lunch,Friday,0
O0134,U039,9,W010,2025-01-04 20:08:00,"[Pizza,Beer,Wine,Burger]",5,106.33,Cash,Yes,9.0,0.0,Unsatisfied,4,0.0,21.266,20,Dinner,Saturday,1
O0135,U023,2,W010,2025-01-07 00:38:00,"[Pizza,Beer,Pasta,Juice]",6,63.0,CreditCard,No,49.0,0.0,Unsatisfied,4,0.0,10.5,0,Off-Peak,Tuesday,0
O0136,U028,5,W009,2025-01-02 07:01:00,"[Beer,Juice]",3,34.23,Cash,No,20.0,0.21,Neutral,2,0.6134969325153374,11.409999999999998,7,Off-Peak,Thursday,0
O0138,U038,9,W005,2025-01-08 14:38:00,[Salad],2,16.32,CreditCard,No,28.0,0.01,Neutral,1,0.061274509803921566,8.16,14,Lunch,Wednesday,0
O0139,U037,1,W008,2025-01-06 06:40:00,"[Fries,Salad,Pizza]",1,61.98,CreditCard,Yes,21.0,5.45,Satisfied,3,8.793159083575347,61.98,6,Off-Peak,Monday,0
O0140,U040,1,W005,2025-01-02 19:22:00,"[Steak,Pizza,Pasta,Soup,Juice]",6,92.95,PayPal,Yes,34.0,0.0,Unsatisfied,5,0.0,15.491666666666667,19,Dinner,Thursday,0
O0141,U037,6,W009,2025-01-09 19:26:00,"[Coke,Water,Soup]",3,53.48,CreditCard,No,42.0,0.0,Unsatisfied,3,0.0,17.826666666666664,19,Dinner,Thursday,0
O0142,U027,3,W006,2025-01-05 11:25:00,"[Fries,Burger,Bread]",5,53.3,CreditCard,No,52.0,9.86,Satisfied,3,18.49906191369606,10.66,11,Lunch,Sunday,1
O0144,U039,2,W007,2025-01-08 08:09:00,"[Juice,Bread,Soup,Steak,Pizza]",5,66.8,PayPal,Yes,50.0,4.28,Satisfied,5,6.407185628742515,13.36,8,Off-Peak,Wednesday,0
O0145,U006,9,W004,2025-01-10 08:42:00,"[Water,Coke,Steak,Pasta]",2,88.13,PayPal,Yes,30.0,6.74,Satisfied,4,7.647793033019404,44.065,8,Off-Peak,Friday,0
O0146,U040,8,W002,2025-01-06 09:18:00,"[Soup,Steak]",6,47.75,CreditCard,No,12.0,7.65,Satisfied,2,16.020942408376964,7.958333333333333,9,Off-Peak,Monday,0
O0147,U049,9,W004,2025-01-05 06:42:00,"[Beer,Burger,Soup,Fries,Pasta]",4,125.07,CreditCard,No,16.0,16.42,Satisfied,5,13.128647957144002,31.2675,6,Off-Peak,Sunday,1
O0148,U033,10,W004,2025-01-04 07:15:00,"[Burger,Beer,Soup]",6,54.6,PayPal,Yes,59.0,9.8,Satisfied,3,17.94871794871795,9.1,7,Off-Peak,Saturday,1
O0149,U012,2,W001,2025-01-05 21:03:00,"[Fries,Salad,Juice,Wine,Pizza]",1,98.65,PayPal,No,48.0,11.23,Satisfied,5,11.383679675620883,98.65,21,Dinner,Sunday,1
O0150,U038,8,W006,2025-01-02 20:36:00,[Bread],3,20.47,PayPal,No,55.0,0.96,Neutral,1,4.689789936492428,6.823333333333333,20,Dinner,Thursday,0
O0151,U017,5,W005,2025-01-02 06:45:00,"[Fries,Juice,Coke,Burger]",4,90.05,Cash,No,43.0,6.71,Neutral,4,7.451415880066629,22.5125,6,Off-Peak,Thursday,0
O0152,U048,5,W007,2025-01-04 09:33:00,"[Fries,Water,Salad,Bread]",6,59.87,Cash,Yes,14.0,8.0,Satisfied,4,13.362284950726574,9.978333333333333,9,Off-Peak,Saturday,1
O0153,U022,7,W006,2025-01-08 00:58:00,"[Coke,Pizza,Steak,Water]",4,74.46,Cash,Yes,14.0,0.0,Unsatisfied,4,0.0,18.615,0,Off-Peak,Wednesday,0
O0154,U013,5,W001,2025-01-10 00:39:00,"[Salad,Soup]",1,37.94,PayPal,Yes,53.0,0.52,Neutral,2,1.3705851344227729,37.94,0,Off-Peak,Friday,0
O0155,U027,8,W003,2025-01-09 17:25:00,[Steak],5,26.93,PayPal,Yes,54.0,0.0,Unsatisfied,1,0.0,5.386,17,Off-Peak,Thursday,0
O0156,U043,1,W001,2025-01-06 10:19:00,"[Coke,Fries]",5,34.17,PayPal,Yes,8.0,0.0,Unsatisfied,2,0.0,6.8340000000000005,10,Off-Peak,Monday,0
O0157,U011,10,W007,2025-01-09 06:36:00,"[Coke,Pizza,Juice,Beer]",6,122.52,Cash,Yes,29.0,7.39,Satisfied,4,6.031668299053216,20.419999999999998,6,Off-Peak,Thursday,0
O0159,U035,7,W005,2025-01-09 09:13:00,[Juice],2,29.46,CreditCard,Yes,30.0,4.05,Satisfied,1,13.747454175152749,14.73,9,Off-Peak,Thursday,0
O0160,U021,6,W006,2025-01-02 22:05:00,"[Juice,Fries,Pasta,Coke]",1,74.49,Cash,No,48.0,1.1,Neutral,4,1.4767082829910056,74.49,22,Off-Peak,Thursday,0
O0161,U021,5,W003,2025-01-09 12:50:00,"[Soup,Coke,Salad,Fries]",5,115.27,PayPal,Yes,18.0,0.0,Unsatisfied,4,0.0,23.054,12,Lunch,Thursday,0
O0162,U010,8,W009,2025-01-08 03:59:00,"[Burger,Juice,Bread,Coke]",2,95.81,Cash,Yes,16.0,14.89,Satisfied,4,15.541175242667778,47.905,3,Off-Peak,Wednesday,0
O0163,U017,5,W006,2025-01-02 22:31:00,"[Soup,Steak]",4,49.68,PayPal,No,17.0,0.02,Neutral,2,0.040257648953301126,12.42,22,Off-Peak,Thursday,0
O0164,U012,2,W001,2025-01-04 09:19:00,[Pizza],5,22.46,PayPal,No,22.0,1.74,Neutral,1,7.747105966162065,4.492,9,Off-Peak,Saturday,1
O0165,U037,2,W004,2025-01-09 18:32:00,"[Bread,Juice,Soup,Steak]",1,81.33,CreditCard,No,5.0,4.66,Neutral,4,5.72974302225501,81.33,18,Dinner,Thursday,0
O0166,U010,6,W003,2025-01-09 11:15:00,"[Fries,Bread,Steak,Juice]",4,113.47,PayPal,No,22.0,10.95,Satisfied,4,9.650127787080285,28.3675,11,Lunch,Thursday,0
O0167,U025,4,W001,2025-01-10 04:25:00,[Steak],1,17.42,Cash,Yes,55.0,1.17,Satisfied,1,6.71641791044776,17.42,4,Off-Peak,Friday,0
O0168,U027,4,W007,2025-01-02 12:38:00,[Pizza],1,15.83,Cash,Yes,36.0,2.28,Satisfied,1,14.403032217308906,15.83,12,Lunch,Thursday,0
O0169,U045,5,W005,2025-01-06 18:37:00,"[Steak,Pizza,Wine,Beer,Coke]",6,71.0,PayPal,Yes,14.0,10.49,Satisfied,5,14.774647887323944,11.833333333333334,18,Dinner,Monday,0
O0170,U012,5,W007,2025-01-06 04:53:00,"[Wine,Steak,Pasta]",6,41.9,CreditCard,Yes,29.0,0.0,Unsatisfied,3,0.0,6.983333333333333,4,Off-Peak,Monday,0
O0171,U024,5,W010,2025-01-01 22:18:00,"[Bread,Water,Wine,Salad]",1,52.06,Cash,Yes,14.0,10.02,Satisfied,4,19.247022666154436,52.06,22,Off-Peak,Wednesday,0
O0172,U046,4,W003,2025-01-09 18:28:00,[Burger],6,51.6,Cash,No,44.0,8.41,Satisfied,1,16.2984496124031,8.6,18,Dinner,Thursday,0
O0173,U036,6,W005,2025-01-07 17:39:00,"[Soup,Coke]",1,36.34,Cash,No,28.0,6.8,Satisfied,2,18.712162905888828,36.34,17,Off-Peak,Tuesday,0
O0174,U040,9,W003,2025-01-10 05:47:00,"[Juice,Steak,Pizza,Burger]",1,67.29,CreditCard,No,25.0,1.03,Neutral,4,1.5306880665775002,67.29,5,Off-Peak,Friday,0
O0175,U011,2,W010,2025-01-05 00:22:00,"[Pasta,Juice,Fries,Wine,Coke]",1,63.8,PayPal,Yes,9.0,0.0,Unsatisfied,5,0.0,63.8,0,Off-Peak,Sunday,1
O0176,U014,4,W006,2025-01-07 01:40:00,"[Water,Wine,Burger,Pasta,Fries]",5,88.88,PayPal,No,7.0,5.91,Neutral,5,6.64941494149415,17.776,1,Off-Peak,Tuesday,0
O0177,U009,10,W009,2025-01-03 21:18:00,"[Steak,Burger,Pasta,Bread,Beer]",2,97.23,PayPal,No,47.0,4.38,Neutral,5,4.504782474544893,48.615,21,Dinner,Friday,0
O0178,U010,10,W006,2025-01-09 06:37:00,"[Bread,Steak,Burger,Coke]",2,80.3,PayPal,Yes,47.0,10.98,Satisfied,4,13.673723536737237,40.15,6,Off-Peak,Thursday,0
O0179,U031,2,W008,2025-01-06 10:42:00,"[Bread,Pasta,Pizza,Wine,Coke]",6,94.13,PayPal,No,44.0,14.89,Satisfied,5,15.81854881546797,15.688333333333333,10,Off-Peak,Monday,0
O0180,U025,3,W008,2025-01-05 12:21:00,"[Coke,Pizza,Burger]",3,91.85,CreditCard,Yes,15.0,0.0,Unsatisfied,3,0.0,30.616666666666664,12,Lunch,Sunday,1
O0181,U005,10,W007,2025-01-08 23:49:00,"[Beer,Steak]",3,36.55,Cash,Yes,56.0,6.33,Satisfied,2,17.3187414500684,12.183333333333332,23,Off-Peak,Wednesday,0
O0182,U015,3,W001,2025-01-09 19:15:00,"[Soup,Juice,Burger]",6,70.9,Cash,Yes,9.0,5.95,Satisfied,3,8.392101551480959,11.816666666666668,19,Dinner,Thursday,0
O0183,U030,5,W006,2025-01-05 20:15:00,"[Fries,Water,Beer,Burger]",6,108.15,CreditCard,Yes,45.0,0.0,Unsatisfied,4,0.0,18.025000000000002,20,Dinner,Sunday,1
O0184,U029,10,W005,2025-01-08 04:55:00,[Salad],5,34.95,CreditCard,No,21.0,0.0,Unsatisfied,1,0.0,6.99,4,Off-Peak,Wednesday,0
O0185,U031,6,W005,2025-01-05 19:03:00,[Beer],6,34.8,Cash,No,23.0,3.28,Neutral,1,9.425287356321839,5.8,19,Dinner,Sunday,1
O0186,U003,3,W001,2025-01-06 05:57:00,"[Wine,Coke,Soup]",2,82.57,PayPal,No,29.0,4.58,Neutral,3,5.546808768317792,41.285,5,Off-Peak,Monday,0
O0187,U044,8,W004,2025-01-07 09:11:00,"[Pasta,Coke,Bread,Juice,Pizza]",4,89.84,PayPal,Yes,44.0,0.0,Unsatisfied,5,0.0,22.46,9,Off-Peak,Tuesday,0
O0188,U010,9,W008,2025-01-08 04:17:00,"[Water,Steak,Bread,Wine]",3,118.2,PayPal,No,31.0,0.0,Unsatisfied,4,0.0,39.4,4,Off-Peak,Wednesday,0
O0189,U019,7,W003,2025-01-01 20:39:00,"[Bread,Salad,Wine]",2,62.46,Cash,No,38.0,0.0,Unsatisfied,3,0.0,31.23,20,Dinner,Wednesday,0
O0190,U001,8,W001,2025-01-04 09:57:00,"[Coke,Juice,Pizza,Salad,Burger]",5,168.41,PayPal,No,42.0,15.49,Satisfied,5,9.197791105041269,33.682,9,Off-Peak,Saturday,1
O0191,U033,5,W006,2025-01-03 05:10:00,"[Bread,Wine]",3,66.03,Cash,No,22.0,0.61,Neutral,2,0.9238225049220051,22.01,5,Off-Peak,Friday,0
O0192,U021,10,W002,2025-01-02 16:11:00,"[Wine,Water,Pasta,Juice,Beer]",5,94.84,Cash,Yes,40.0,6.0,Neutral,5,6.326444538169548,18.968,16,Off-Peak,Thursday,0
O0193,U039,4,W010,2025-01-03 09:42:00,"[Bread,Wine,Fries,Pizza,Soup]",4,115.79,CreditCard,Yes,11.0,0.0,Unsatisfied,5,0.0,28.9475,9,Off-Peak,Friday,0
O0194,U024,5,W006,2025-01-06 18:33:00,"[Beer,Fries,Juice,Pasta,Water]",5,115.88,Cash,No,17.0,14.02,Satisfied,5,12.098722816706939,23.176,18,Dinner,Monday,0
O0195,U007,10,W004,2025-01-07 04:04:00,"[Soup,Pizza,Pasta]",1,34.44,Cash,Yes,8.0,0.47,Neutral,3,1.364692218350755,34.44,4,Off-Peak,Tuesday,0
O0196,U040,2,W003,2025-01-06 02:38:00,"[Burger,Coke,Soup,Bread,Steak]",6,115.91,PayPal,Yes,42.0,0.0,Unsatisfied,5,0.0,19.31833333333333,2,Off-Peak,Monday,0
O0197,U006,3,W005,2025-01-08 13:54:00,"[Soup,Beer,Pizza,Water,Wine]",6,81.55,Cash,Yes,13.0,10.36,Satisfied,5,12.703862660944207,13.591666666666667,13,Lunch,Wednesday,0
O0198,U007,2,W010,2025-01-08 21:22:00,[Wine],4,34.7,PayPal,No,14.0,0.0,Unsatisfied,1,0.0,8.675,21,Dinner,Wednesday,0
O0199,U006,8,W002,2025-01-03 01:15:00,"[Steak,Beer]",1,38.14,Cash,No,16.0,0.0,Unsatisfied,2,0.0,38.14,1,Off-Peak,Friday,0
O0200,U001,4,W001,2025-01-07 08:38:00,"[Burger,Coke,Pizza]",5,96.48,CreditCard,Yes,42.0,0.0,Unsatisfied,3,0.0,19.296,8,Off-Peak,Tuesday,0
O0201,U004,8,W002,2025-01-03 02:08:00,"[Pasta,Coke,Bread]",2,65.9,PayPal,No,53.0,7.65,Satisfied,3,11.608497723823975,32.95,2,Off-Peak,Friday,0
O0202,U002,1,W004,2025-01-06 20:00:00,"[Pizza,Water,Steak,Soup]",4,95.04,CreditCard,Yes,55.0,0.0,Unsatisfied,4,0.0,23.76,20,Dinner,Monday,0
O0203,U036,3,W002,2025-01-03 13:41:00,"[Water,Wine]",3,58.88,CreditCard,No,34.0,5.2,Satisfied,2,8.831521739130435,19.62666666666667,13,Lunch,Friday,0
O0204,U012,5,W009,2025-01-08 02:09:00,"[Soup,Wine,Salad]",6,57.62,Cash,No,43.0,0.0,Unsatisfied,3,0.0,9.603333333333333,2,Off-Peak,Wednesday,0
O0205,U050,1,W007,2025-01-08 12:59:00,"[Juice,Coke,Water,Salad,Pasta]",3,115.48,Cash,No,26.0,7.55,Satisfied,5,6.537928645652927,38.49333333333333,12,Lunch,Wednesday,0
O0206,U004,9,W007,2025-01-09 02:43:00,[Fries],2,23.66,CreditCard,No,46.0,1.35,Neutral,1,5.705832628909553,11.83,2,Off-Peak,Thursday,0
O0207,U039,4,W009,2025-01-09 11:17:00,"[Juice,Pasta,Pizza,Burger]",6,109.85,PayPal,Yes,18.0,0.0,Unsatisfied,4,0.0,18.308333333333334,11,Lunch,Thursday,0
O0208,U036,6,W005,2025-01-04 17:36:00,"[Steak,Coke,Juice]",3,95.8,Cash,No,53.0,5.36,Neutral,3,5.594989561586639,31.933333333333334,17,Off-Peak,Saturday,1
O0209,U019,10,W001,2025-01-02 15:43:00,"[Fries,Pizza,Pasta,Salad]",3,61.35,PayPal,No,48.0,6.11,Neutral,4,9.959250203748981,20.45,15,Off-Peak,Thursday,0
O0210,U017,5,W004,2025-01-07 08:01:00,"[Fries,Steak]",3,33.89,CreditCard,Yes,34.0,0.0,Unsatisfied,2,0.0,11.296666666666667,8,Off-Peak,Tuesday,0
O0211,U046,9,W009,2025-01-05 22:46:00,"[Pasta,Salad,Burger,Soup,Fries]",6,112.43,PayPal,No,48.0,13.27,Satisfied,5,11.802899581962109,18.738333333333333,22,Off-Peak,Sunday,1
O0212,U043,3,W008,2025-01-06 04:53:00,"[Beer,Salad]",3,47.73,PayPal,No,20.0,7.9,Satisfied,2,16.55143515608632,15.909999999999998,4,Off-Peak,Monday,0
O0213,U019,6,W005,2025-01-04 15:40:00,"[Steak,Beer,Fries]",4,52.26,PayPal,Yes,30.0,0.0,Unsatisfied,3,0.0,13.065,15,Off-Peak,Saturday,1
O0214,U014,3,W007,2025-01-07 13:41:00,"[Pasta,Coke,Fries,Pizza,Beer]",2,94.26,PayPal,Yes,39.0,0.0,Unsatisfied,5,0.0,47.13,13,Lunch,Tuesday,0
O0215,U022,2,W002,2025-01-07 11:43:00,"[Juice,Soup,Burger]",1,35.37,PayPal,Yes,55.0,4.13,Satisfied,3,11.676562058241448,35.37,11,Lunch,Tuesday,0
O0216,U026,9,W007,2025-01-03 16:56:00,"[Soup,Bread,Salad,Burger,Coke]",5,66.24,CreditCard,No,23.0,4.18,Satisfied,5,6.310386473429952,13.248,16,Off-Peak,Friday,0
O0217,U043,1,W007,2025-01-05 00:06:00,[Juice],2,32.76,PayPal,No,5.0,4.04,Satisfied,1,12.332112332112333,16.38,0,Off-Peak,Sunday,1
O0218,U007,9,W008,2025-01-01 17:57:00,"[Water,Soup,Beer,Pasta,Salad]",5,137.84,PayPal,Yes,55.0,5.72,Neutral,5,4.149738827626233,27.568,17,Off-Peak,Wednesday,0
O0219,U015,1,W007,2025-01-05 08:01:00,"[Pizza,Bread,Burger,Steak]",3,66.96,CreditCard,No,60.0,6.58,Satisfied,4,9.826762246117086,22.319999999999997,8,Off-Peak,Sunday,1
O0220,U020,8,W007,2025-01-06 11:23:00,"[Bread,Pasta,Salad]",6,89.83,PayPal,No,49.0,0.0,Unsatisfied,3,0.0,14.971666666666666,11,Lunch,Monday,0
O0221,U045,8,W010,2025-01-06 07:59:00,"[Water,Beer,Wine,Soup]",6,116.99,PayPal,No,15.0,8.0,Neutral,4,6.838191298401573,19.49833333333333,7,Off-Peak,Monday,0
O0222,U001,10,W006,2025-01-03 18:58:00,[Wine],4,17.17,Cash,Yes,24.0,1.52,Neutral,1,8.85264997087944,4.2925,18,Dinner,Friday,0
O0223,U050,2,W010,2025-01-01 13:19:00,"[Beer,Pasta]",3,53.52,PayPal,No,14.0,0.0,Unsatisfied,2,0.0,17.84,13,Lunch,Wednesday,0
O0224,U038,10,W010,2025-01-07 00:52:00,"[Salad,Bread,Wine,Coke]",5,45.54,CreditCard,Yes,31.0,2.96,Satisfied,4,6.499780412823891,9.108,0,Off-Peak,Tuesday,0
O0225,U041,9,W006,2025-01-08 15:36:00,"[Pizza,Wine,Bread,Fries]",1,117.36,CreditCard,No,31.0,10.17,Neutral,4,8.66564417177914,117.36,15,Off-Peak,Wednesday,0
O0226,U044,10,W009,2025-01-09 12:01:00,"[Soup,Pizza,Burger,Juice,Steak]",3,127.61,PayPal,Yes,50.0,0.0,Unsatisfied,5,0.0,42.53666666666667,12,Lunch,Thursday,0
O0227,U041,3,W007,2025-01-09 05:08:00,[Bread],4,37.29,PayPal,Yes,44.0,0.0,Unsatisfied,1,0.0,9.3225,5,Off-Peak,Thursday,0
O0228,U005,2,W006,2025-01-09 06:59:00,[Burger],2,21.98,Cash,No,43.0,0.0,Unsatisfied,1,0.0,10.99,6,Off-Peak,Thursday,0
O0229,U017,10,W004,2025-01-05 07:15:00,"[Juice,Water,Beer]",6,39.48,PayPal,Yes,59.0,0.0,Unsatisfied,3,0.0,6.579999999999999,7,Off-Peak,Sunday,1
O0230,U047,6,W002,2025-01-07 01:43:00,"[Pizza,Wine]",3,44.77,PayPal,Yes,56.0,0.6,Neutral,2,1.3401831583649764,14.923333333333334,1,Off-Peak,Tuesday,0
O0231,U018,2,W010,2025-01-08 10:44:00,"[Water,Bread,Soup,Burger,Coke]",5,105.25,PayPal,Yes,34.0,12.79,Satisfied,5,12.152019002375296,21.05,10,Off-Peak,Wednesday,0
O0232,U046,1,W003,2025-01-10 10:21:00,"[Fries,Bread,Coke]",4,75.04,Cash,No,21.0,0.0,Unsatisfied,3,0.0,18.76,10,Off-Peak,Friday,0
O0233,U019,10,W003,2025-01-06 19:04:00,[Steak],3,32.36,Cash,No,51.0,5.93,Satisfied,1,18.325092707045734,10.786666666666667,19,Dinner,Monday,0
O0234,U044,7,W009,2025-01-04 14:59:00,"[Salad,Bread,Coke]",6,60.81,Cash,Yes,54.0,0.0,Unsatisfied,3,0.0,10.135,14,Lunch,Saturday,1
O0235,U050,3,W006,2025-01-08 20:31:00,"[Bread,Steak,Pasta]",4,80.94,CreditCard,No,54.0,0.0,Unsatisfied,3,0.0,20.235,20,Dinner,Wednesday,0
O0236,U031,9,W009,2025-01-05 20:15:00,"[Salad,Beer,Wine,Juice,Pasta]",6,81.83,CreditCard,Yes,40.0,0.0,Unsatisfied,5,0.0,13.638333333333334,20,Dinner,Sunday,1
O0237,U042,1,W002,2025-01-02 01:50:00,"[Steak,Salad,Pizza,Juice,Wine]",1,71.7,CreditCard,Yes,50.0,6.42,Satisfied,5,8.953974895397488,71.7,1,Off-Peak,Thursday,0
O0238,U037,8,W007,2025-01-03 18:48:00,"[Wine,Steak,Coke,Beer]",4,103.63,CreditCard,Yes,54.0,0.0,Unsatisfied,4,0.0,25.9075,18,Dinner,Friday,0
O0240,U040,5,W006,2025-01-02 12:56:00,"[Pasta,Fries]",3,62.13,CreditCard,Yes,47.0,5.14,Satisfied,2,8.272976018026718,20.71,12,Lunch,Thursday,0
O0242,U018,9,W002,2025-01-04 17:41:00,[Steak],6,38.87,Cash,Yes,27.0,0.0,Unsatisfied,1,0.0,6.478333333333333,17,Off-Peak,Saturday,1
O0243,U045,3,W001,2025-01-06 07:04:00,"[Juice,Water,Salad,Burger,Pasta]",3,90.77,PayPal,No,17.0,3.71,Neutral,5,4.087253497851713,30.256666666666664,7,Off-Peak,Monday,0
O0244,U027,10,W009,2025-01-02 05:18:00,"[Beer,Coke,Soup,Fries]",3,74.11,Cash,Yes,33.0,8.77,Satisfied,4,11.833760626096343,24.703333333333333,5,Off-Peak,Thursday,0
O0245,U026,1,W010,2025-01-05 04:20:00,"[Pizza,Coke,Salad,Steak,Water]",3,69.09,CreditCard,No,50.0,7.11,Satisfied,5,10.290924880590534,23.03,4,Off-Peak,Sunday,1
O0246,U044,5,W006,2025-01-05 00:49:00,"[Steak,Wine,Water]",3,55.93,Cash,Yes,48.0,0.0,Unsatisfied,3,0.0,18.643333333333334,0,Off-Peak,Sunday,1
O0247,U026,2,W003,2025-01-03 10:10:00,"[Pizza,Coke,Steak,Water]",3,105.97,CreditCard,Yes,12.0,0.0,Unsatisfied,4,0.0,35.32333333333333,10,Off-Peak,Friday,0
O0248,U028,7,W002,2025-01-10 05:29:00,[Water],2,29.75,Cash,No,60.0,0.0,Unsatisfied,1,0.0,14.875,5,Off-Peak,Friday,0
O0249,U017,2,W005,2025-01-08 10:08:00,[Water],4,37.13,PayPal,No,24.0,3.18,Neutral,1,8.564503097225963,9.2825,10,Off-Peak,Wednesday,0
O0251,U010,10,W002,2025-01-03 06:23:00,"[Soup,Pasta,Bread,Fries]",4,102.59,Cash,No,53.0,0.0,Unsatisfied,4,0.0,25.6475,6,Off-Peak,Friday,0
O0252,U045,2,W004,2025-01-03 05:34:00,"[Coke,Bread]",6,47.16,CreditCard,Yes,7.0,1.93,Neutral,2,4.0924512298558104,7.859999999999999,5,Off-Peak,Friday,0
O0253,U013,7,W001,2025-01-04 19:17:00,"[Fries,Beer]",6,45.98,CreditCard,Yes,33.0,6.74,Satisfied,2,14.658547194432364,7.663333333333333,19,Dinner,Saturday,1
O0254,U010,1,W004,2025-01-08 23:25:00,"[Fries,Steak]",6,36.92,Cash,Yes,19.0,3.2,Neutral,2,8.66738894907909,6.153333333333333,23,Off-Peak,Wednesday,0
O0255,U027,5,W010,2025-01-05 01:50:00,[Beer],4,40.62,Cash,No,33.0,0.0,Unsatisfied,1,0.0,10.155,1,Off-Peak,Sunday,1
O0256,U035,9,W010,2025-01-04 00:36:00,"[Bread,Burger,Water,Beer]",5,105.48,PayPal,No,18.0,10.59,Satisfied,4,10.039817974971559,21.096,0,Off-Peak,Saturday,1
O0257,U019,4,W001,2025-01-08 23:54:00,[Coke],2,31.19,Cash,No,8.0,0.0,Unsatisfied,1,0.0,15.595,23,Off-Peak,Wednesday,0
O0258,U020,1,W004,2025-01-07 21:11:00,"[Pizza,Bread]",5,41.37,CreditCard,Yes,41.0,2.7,Neutral,2,6.526468455402466,8.274,21,Dinner,Tuesday,0
O0259,U020,5,W006,2025-01-07 05:04:00,"[Soup,Bread,Pizza,Burger]",6,133.92,CreditCard,No,37.0,0.0,Unsatisfied,4,0.0,22.319999999999997,5,Off-Peak,Tuesday,0
O0260,U023,10,W005,2025-01-09 20:10:00,"[Burger,Steak,Soup,Bread]",5,89.47,Cash,No,17.0,7.24,Neutral,4,8.092097909913939,17.894,20,Dinner,Thursday,0
O0262,U036,10,W001,2025-01-03 16:10:00,"[Beer,Wine,Pizza,Juice,Pasta]",3,49.21,Cash,Yes,42.0,0.0,Unsatisfied,5,0.0,16.403333333333332,16,Off-Peak,Friday,0
O0263,U015,7,W009,2025-01-07 08:23:00,[Bread],2,29.4,CreditCard,No,56.0,0.0,Unsatisfied,1,0.0,14.7,8,Off-Peak,Tuesday,0
O0264,U040,6,W005,2025-01-01 10:27:00,[Wine],2,21.39,PayPal,No,25.0,1.39,Neutral,1,6.4983637213651235,10.695,10,Off-Peak,Wednesday,0
O0265,U009,1,W010,2025-01-09 18:42:00,"[Fries,Pasta]",2,40.11,PayPal,No,55.0,0.0,Unsatisfied,2,0.0,20.055,18,Dinner,Thursday,0
O0266,U032,10,W010,2025-01-06 23:49:00,"[Salad,Steak,Soup,Burger]",5,89.54,Cash,Yes,11.0,8.19,Neutral,4,9.146750055840963,17.908,23,Off-Peak,Monday,0
O0267,U047,2,W009,2025-01-08 21:58:00,"[Steak,Fries,Coke,Bread]",4,95.75,Cash,No,17.0,0.0,Unsatisfied,4,0.0,23.9375,21,Dinner,Wednesday,0
O0268,U036,8,W009,2025-01-06 19:18:00,"[Wine,Pasta]",5,48.44,PayPal,No,18.0,0.48,Neutral,2,0.990916597853014,9.687999999999999,19,Dinner,Monday,0
O0269,U021,4,W009,2025-01-03 03:26:00,"[Steak,Beer,Juice,Bread,Pizza]",6,82.22,CreditCard,Yes,35.0,13.02,Satisfied,5,15.835563123327656,13.703333333333333,3,Off-Peak,Friday,0
O0270,U019,5,W003,2025-01-02 16:31:00,"[Pizza,Water,Beer]",5,70.78,CreditCard,Yes,6.0,0.0,Unsatisfied,3,0.0,14.156,16,Off-Peak,Thursday,0
O0271,U034,6,W001,2025-01-07 18:48:00,"[Wine,Bread,Water]",5,95.42,CreditCard,No,50.0,0.0,Unsatisfied,3,0.0,19.084,18,Dinner,Tuesday,0
O0272,U008,1,W006,2025-01-02 06:54:00,"[Burger,Wine,Coke,Steak]",3,120.8,PayPal,No,27.0,8.74,Satisfied,4,7.235099337748345,40.266666666666666,6,Off-Peak,Thursday,0
O0273,U050,6,W003,2025-01-09 08:24:00,"[Pasta,Water,Wine]",1,58.62,Cash,Yes,47.0,5.55,Satisfied,3,9.46775844421699,58.62,8,Off-Peak,Thursday,0
O0274,U013,6,W007,2025-01-10 05:17:00,"[Coke,Salad,Fries]",1,44.99,CreditCard,No,34.0,3.29,Neutral,3,7.31273616359191,44.99,5,Off-Peak,Friday,0
O0275,U023,5,W006,2025-01-03 10:06:00,[Pasta],1,21.65,Cash,No,26.0,0.0,Unsatisfied,1,0.0,21.65,10,Off-Peak,Friday,0
O0276,U048,4,W008,2025-01-04 12:54:00,"[Coke,Fries,Water]",3,80.99,PayPal,No,52.0,6.94,Neutral,3,8.568959130756884,26.996666666666666,12,Lunch,Saturday,1
O0278,U044,1,W008,2025-01-10 17:28:00,"[Steak,Fries]",6,62.23,CreditCard,No,56.0,5.9,Neutral,2,9.48095773742568,10.371666666666666,17,Off-Peak,Friday,0
O0279,U007,8,W010,2025-01-04 14:43:00,"[Water,Bread]",2,21.14,PayPal,Yes,31.0,3.59,Satisfied,2,16.982024597918635,10.57,14,Lunch,Saturday,1
O0280,U046,10,W004,2025-01-03 18:24:00,[Burger],4,29.8,CreditCard,Yes,50.0,0.81,Neutral,1,2.7181208053691277,7.45,18,Dinner,Friday,0
O0281,U049,9,W002,2025-01-05 08:09:00,[Water],5,21.82,CreditCard,Yes,9.0,2.11,Satisfied,1,9.670027497708524,4.364,8,Off-Peak,Sunday,1
O0282,U018,8,W010,2025-01-07 11:41:00,"[Coke,Juice]",4,54.73,Cash,Yes,51.0,2.64,Neutral,2,4.823679883062306,13.6825,11,Lunch,Tuesday,0
O0283,U027,3,W001,2025-01-09 16:46:00,"[Soup,Wine,Beer,Coke,Bread]",4,81.03,CreditCard,No,17.0,2.68,Neutral,5,3.3074170060471433,20.2575,16,Off-Peak,Thursday,0
O0284,U013,6,W002,2025-01-04 00:11:00,"[Wine,Pizza,Fries]",1,44.44,CreditCard,No,17.0,0.0,Unsatisfied,3,0.0,44.44,0,Off-Peak,Saturday,1
O0285,U043,10,W007,2025-01-08 02:38:00,"[Wine,Salad,Juice]",4,70.03,Cash,Yes,40.0,0.0,Unsatisfied,3,0.0,17.5075,2,Off-Peak,Wednesday,0
O0286,U011,1,W005,2025-01-07 00:27:00,[Bread],2,24.64,Cash,Yes,39.0,4.88,Satisfied,1,19.8051948051948,12.32,0,Off-Peak,Tuesday,0
O0287,U028,4,W007,2025-01-02 06:50:00,"[Beer,Burger,Fries,Wine]",2,124.27,PayPal,No,14.0,1.48,Neutral,4,1.1909551782409271,62.135,6,Off-Peak,Thursday,0
O0288,U040,3,W007,2025-01-02 15:17:00,"[Water,Pasta,Beer]",2,77.9,PayPal,No,36.0,11.76,Satisfied,3,15.096277278562258,38.95,15,Off-Peak,Thursday,0
O0289,U046,1,W004,2025-01-07 21:08:00,"[Steak,Pasta,Coke,Pizza]",5,92.52,Cash,Yes,32.0,12.11,Satisfied,4,13.089061824470386,18.503999999999998,21,Dinner,Tuesday,0
O0290,U003,7,W002,2025-01-08 16:08:00,[Beer],2,14.71,Cash,Yes,24.0,0.74,Satisfied,1,5.030591434398368,7.355,16,Off-Peak,Wednesday,0
O0291,U038,9,W004,2025-01-06 12:01:00,"[Pizza,Water]",5,40.13,PayPal,Yes,36.0,0.67,Neutral,2,1.6695738848741588,8.026,12,Lunch,Monday,0
O0292,U001,2,W008,2025-01-04 12:30:00,"[Beer,Bread,Coke,Burger]",1,48.33,PayPal,No,27.0,0.0,Unsatisfied,4,0.0,48.33,12,Lunch,Saturday,1
O0293,U029,6,W003,2025-01-07 16:13:00,"[Juice,Coke,Pasta,Salad,Fries]",3,131.08,Cash,No,33.0,8.94,Satisfied,5,6.8202624351541035,43.693333333333335,16,Off-Peak,Tuesday,0
O0294,U019,5,W002,2025-01-09 14:56:00,"[Salad,Wine,Bread,Burger,Steak]",3,74.42,CreditCard,No,59.0,0.0,Unsatisfied,5,0.0,24.80666666666667,14,Lunch,Thursday,0
O0296,U008,2,W006,2025-01-06 01:59:00,"[Soup,Salad]",2,35.53,CreditCard,Yes,25.0,4.46,Satisfied,2,12.552772305094287,17.765,1,Off-Peak,Monday,0
O0297,U031,2,W007,2025-01-06 21:14:00,"[Soup,Coke,Salad,Wine]",3,113.78,PayPal,No,15.0,0.0,Unsatisfied,4,0.0,37.92666666666667,21,Dinner,Monday,0
O0298,U041,4,W001,2025-01-01 18:58:00,"[Burger,Wine,Steak]",4,66.86,CreditCard,Yes,30.0,4.94,Neutral,3,7.388573137900091,16.715,18,Dinner,Wednesday,0
O0299,U006,1,W001,2025-01-05 03:45:00,"[Pizza,Steak]",1,33.57,CreditCard,Yes,21.0,0.0,Unsatisfied,2,0.0,33.57,3,Off-Peak,Sunday,1
O0300,U015,1,W010,2025-01-06 04:43:00,[Burger],6,30.95,PayPal,No,28.0,4.29,Satisfied,1,13.861066235864298,5.158333333333333,4,Off-Peak,Monday,0
O0301,U022,9,W001,2025-01-07 13:07:00,"[Soup,Juice,Coke,Bread]",1,70.99,PayPal,Yes,50.0,10.93,Satisfied,4,15.39653472320045,70.99,13,Lunch,Tuesday,0
O0303,U031,1,W008,2025-01-01 11:53:00,"[Salad,Wine,Coke,Steak,Fries]",3,65.12,Cash,No,9.0,4.37,Neutral,5,6.710687960687961,21.706666666666667,11,Lunch,Wednesday,0
O0304,U001,3,W009,2025-01-10 03:22:00,"[Beer,Soup]",4,53.18,CreditCard,No,32.0,9.76,Satisfied,2,18.352764197066566,13.295,3,Off-Peak,Friday,0
O0306,U047,10,W005,2025-01-08 00:49:00,"[Burger,Beer,Pasta,Wine]",1,103.5,CreditCard,Yes,47.0,9.89,Neutral,4,9.555555555555555,103.5,0,Off-Peak,Wednesday,0
O0307,U009,5,W007,2025-01-09 23:02:00,"[Pizza,Beer,Salad,Steak,Water]",6,96.19,PayPal,Yes,22.0,9.67,Satisfied,5,10.053020064455765,16.031666666666666,23,Off-Peak,Thursday,0
O0308,U049,8,W001,2025-01-05 00:50:00,"[Soup,Bread]",6,53.91,CreditCard,No,33.0,5.09,Neutral,2,9.441662029308107,8.985,0,Off-Peak,Sunday,1
O0309,U007,6,W009,2025-01-07 05:02:00,"[Burger,Coke,Pizza,Steak]",4,81.06,PayPal,No,35.0,5.03,Neutral,4,6.20528003947693,20.265,5,Off-Peak,Tuesday,0
O0310,U029,5,W004,2025-01-06 16:59:00,[Salad],3,31.57,CreditCard,No,40.0,2.63,Neutral,1,8.330693696547355,10.523333333333333,16,Off-Peak,Monday,0
O0311,U005,6,W007,2025-01-07 03:26:00,"[Pizza,Coke,Pasta]",5,54.29,PayPal,No,35.0,9.3,Satisfied,3,17.130226561060972,10.858,3,Off-Peak,Tuesday,0
O0312,U003,5,W001,2025-01-05 20:04:00,"[Soup,Juice,Beer]",4,57.3,CreditCard,No,57.0,4.06,Neutral,3,7.0855148342059335,14.325,20,Dinner,Sunday,1
O0313,U035,4,W008,2025-01-07 23:35:00,"[Water,Beer,Salad]",2,59.95,PayPal,No,7.0,5.02,Neutral,3,8.37364470391993,29.975,23,Off-Peak,Tuesday,0
O0314,U013,10,W005,2025-01-05 03:16:00,"[Juice,Coke,Wine,Soup,Water]",4,117.77,PayPal,No,11.0,4.92,Neutral,5,4.177634372081175,29.4425,3,Off-Peak,Sunday,1
O0315,U010,9,W006,2025-01-01 12:18:00,[Pasta],5,31.71,Cash,Yes,6.0,2.0,Satisfied,1,6.307158625039419,6.3420000000000005,12,Lunch,Wednesday,0
O0316,U044,3,W004,2025-01-06 21:26:00,"[Fries,Soup]",2,25.0,Cash,Yes,48.0,0.0,Unsatisfied,2,0.0,12.5,21,Dinner,Monday,0
O0317,U026,7,W006,2025-01-06 10:12:00,"[Water,Soup,Wine]",5,86.26,CreditCard,No,39.0,0.0,Unsatisfied,3,0.0,17.252000000000002,10,Off-Peak,Monday,0
O0318,U040,8,W006,2025-01-06 06:19:00,"[Steak,Wine,Pasta,Pizza,Beer]",6,81.9,Cash,Yes,7.0,11.27,Satisfied,5,13.76068376068376,13.65,6,Off-Peak,Monday,0
O0319,U019,8,W008,2025-01-03 03:15:00,"[Steak,Pizza,Coke]",5,96.08,CreditCard,No,13.0,7.94,Satisfied,3,8.263946711074105,19.216,3,Off-Peak,Friday,0
O0320,U011,4,W010,2025-01-06 00:08:00,"[Burger,Wine,Coke,Water,Pasta]",3,80.92,Cash,No,16.0,5.09,Neutral,5,6.290163124073159,26.973333333333333,0,Off-Peak,Monday,0
O0321,U043,3,W004,2025-01-02 12:38:00,[Pasta],3,27.08,CreditCard,Yes,45.0,1.64,Neutral,1,6.056129985228951,9.026666666666666,12,Lunch,Thursday,0
O0322,U018,10,W002,2025-01-09 23:45:00,"[Steak,Coke,Pizza,Juice,Water]",4,63.48,CreditCard,Yes,36.0,3.14,Neutral,5,4.946439823566478,15.87,23,Off-Peak,Thursday,0
O0325,U018,7,W009,2025-01-08 06:20:00,"[Steak,Pasta,Water,Wine]",5,98.83,CreditCard,Yes,31.0,3.64,Neutral,4,3.6830921784883133,19.766,6,Off-Peak,Wednesday,0
O0326,U027,8,W006,2025-01-01 13:30:00,"[Coke,Wine,Beer]",4,61.99,CreditCard,No,16.0,6.07,Satisfied,3,9.791901919664463,15.4975,13,Lunch,Wednesday,0
O0327,U037,10,W001,2025-01-08 23:47:00,"[Beer,Juice,Bread]",5,79.24,PayPal,No,38.0,1.52,Neutral,3,1.9182231196365473,15.847999999999999,23,Off-Peak,Wednesday,0
O0328,U032,2,W005,2025-01-04 16:32:00,"[Fries,Steak,Salad]",6,48.43,Cash,Yes,49.0,0.0,Unsatisfied,3,0.0,8.071666666666667,16,Off-Peak,Saturday,1
O0329,U038,5,W005,2025-01-06 03:50:00,"[Fries,Coke]",3,60.61,Cash,Yes,11.0,0.0,Unsatisfied,2,0.0,20.203333333333333,3,Off-Peak,Monday,0
O0330,U016,1,W010,2025-01-07 12:07:00,"[Soup,Salad]",4,73.15,CreditCard,No,54.0,0.0,Unsatisfied,2,0.0,18.2875,12,Lunch,Tuesday,0
O0331,U034,7,W008,2025-01-05 17:39:00,"[Steak,Soup,Wine,Pasta,Salad]",5,129.57,Cash,Yes,32.0,0.0,Unsatisfied,5,0.0,25.913999999999998,17,Off-Peak,Sunday,1
O0332,U042,2,W009,2025-01-02 14:31:00,"[Water,Bread,Soup,Pizza,Burger]",1,68.97,Cash,No,41.0,3.88,Neutral,5,5.625634333768305,68.97,14,Lunch,Thursday,0
O0333,U021,1,W006,2025-01-06 08:09:00,[Bread],6,35.37,Cash,No,24.0,0.0,Unsatisfied,1,0.0,5.895,8,Off-Peak,Monday,0
O0334,U026,10,W002,2025-01-06 12:42:00,"[Steak,Bread]",2,37.32,Cash,Yes,57.0,5.88,Satisfied,2,15.755627009646304,18.66,12,Lunch,Monday,0
O0335,U044,1,W010,2025-01-02 02:44:00,"[Salad,Fries,Bread,Soup,Juice]",1,118.73,CreditCard,No,12.0,12.32,Satisfied,5,10.376484460540722,118.73,2,Off-Peak,Thursday,0
O0336,U017,9,W003,2025-01-10 17:44:00,"[Pasta,Wine,Burger,Pizza]",2,80.07,PayPal,Yes,43.0,0.0,Unsatisfied,4,0.0,40.035,17,Off-Peak,Friday,0
O0337,U033,8,W007,2025-01-06 08:56:00,[Steak],2,27.84,Cash,Yes,30.0,3.16,Satisfied,1,11.350574712643677,13.92,8,Off-Peak,Monday,0
O0338,U034,9,W010,2025-01-02 16:51:00,"[Pasta,Soup,Water,Steak,Wine]",3,149.83,CreditCard,No,17.0,9.21,Neutral,5,6.146966562103717,49.943333333333335,16,Off-Peak,Thursday,0
O0339,U024,5,W007,2025-01-06 21:28:00,"[Pizza,Water,Coke,Wine,Salad]",1,89.77,PayPal,No,18.0,8.78,Neutral,5,9.780550295198841,89.77,21,Dinner,Monday,0
O0340,U021,6,W010,2025-01-03 10:21:00,"[Juice,Coke,Beer,Pasta,Soup]",4,71.09,CreditCard,Yes,47.0,9.09,Satisfied,5,12.786608524405683,17.7725,10,Off-Peak,Friday,0
O0341,U031,9,W008,2025-01-06 17:07:00,"[Steak,Wine,Burger]",1,31.29,Cash,Yes,38.0,0.0,Unsatisfied,3,0.0,31.29,17,Off-Peak,Monday,0
O0343,U015,5,W003,2025-01-10 02:30:00,"[Pizza,Burger,Steak,Wine]",2,96.72,Cash,Yes,24.0,0.0,Unsatisfied,4,0.0,48.36,2,Off-Peak,Friday,0
O0344,U012,9,W010,2025-01-04 03:09:00,"[Salad,Coke,Pasta,Soup]",3,48.63,CreditCard,Yes,15.0,9.39,Satisfied,4,19.30906847624923,16.21,3,Off-Peak,Saturday,1
O0345,U027,7,W008,2025-01-02 03:44:00,"[Wine,Steak]",1,24.65,CreditCard,Yes,52.0,0.0,Unsatisfied,2,0.0,24.65,3,Off-Peak,Thursday,0
O0346,U030,6,W009,2025-01-10 15:13:00,"[Salad,Juice,Coke,Water,Burger]",4,112.48,Cash,Yes,34.0,13.39,Satisfied,5,11.90433854907539,28.12,15,Off-Peak,Friday,0
O0347,U029,4,W002,2025-01-10 06:48:00,"[Soup,Bread]",3,38.63,Cash,Yes,54.0,0.0,Unsatisfied,2,0.0,12.876666666666667,6,Off-Peak,Friday,0
O0348,U020,1,W001,2025-01-10 06:06:00,[Steak],3,24.95,CreditCard,No,46.0,4.1,Satisfied,1,16.432865731462925,8.316666666666666,6,Off-Peak,Friday,0
O0349,U035,7,W002,2025-01-04 17:41:00,"[Beer,Juice,Fries]",6,81.18,Cash,No,8.0,1.8,Neutral,3,2.2172949002217295,13.530000000000001,17,Off-Peak,Saturday,1
O0350,U034,10,W002,2025-01-07 08:50:00,[Soup],6,34.08,CreditCard,Yes,53.0,3.39,Satisfied,1,9.94718309859155,5.68,8,Off-Peak,Tuesday,0
O0351,U024,3,W004,2025-01-02 18:45:00,"[Water,Pizza,Juice]",3,80.54,Cash,No,7.0,0.0,Unsatisfied,3,0.0,26.846666666666668,18,Dinner,Thursday,0
O0352,U049,5,W010,2025-01-05 02:06:00,"[Wine,Bread,Burger,Beer,Steak]",1,55.99,Cash,Yes,46.0,4.79,Neutral,5,8.555099124843721,55.99,2,Off-Peak,Sunday,1
O0353,U047,1,W003,2025-01-02 07:15:00,"[Burger,Wine,Bread]",4,62.84,PayPal,Yes,51.0,5.83,Neutral,3,9.277530235518777,15.71,7,Off-Peak,Thursday,0
O0354,U009,7,W004,2025-01-10 03:00:00,"[Fries,Juice]",6,53.36,CreditCard,Yes,41.0,4.71,Neutral,2,8.826836581709145,8.893333333333333,3,Off-Peak,Friday,0
O0355,U045,9,W002,2025-01-07 15:41:00,"[Steak,Bread,Water,Pasta]",5,59.8,PayPal,Yes,27.0,9.46,Satisfied,4,15.819397993311037,11.959999999999999,15,Off-Peak,Tuesday,0
O0356,U033,8,W008,2025-01-06 15:03:00,"[Burger,Fries,Coke]",2,79.02,PayPal,Yes,35.0,12.59,Satisfied,3,15.932675272083019,39.51,15,Off-Peak,Monday,0
O0357,U036,10,W009,2025-01-04 13:44:00,[Water],3,30.43,CreditCard,No,59.0,0.0,Unsatisfied,1,0.0,10.143333333333333,13,Lunch,Saturday,1
O0358,U033,7,W010,2025-01-10 14:40:00,"[Soup,Coke,Salad,Pasta]",6,119.67,PayPal,Yes,40.0,8.5,Satisfied,4,7.102866215425754,19.945,14,Lunch,Friday,0
O0359,U023,3,W002,2025-01-05 13:08:00,[Fries],3,20.2,CreditCard,Yes,25.0,0.0,Unsatisfied,1,0.0,6.733333333333333,13,Lunch,Sunday,1
O0360,U010,8,W010,2025-01-02 21:40:00,"[Soup,Juice]",3,58.29,PayPal,Yes,43.0,1.28,Neutral,2,2.1959169668896896,19.43,21,Dinner,Thursday,0
O0361,U010,7,W006,2025-01-05 18:46:00,"[Coke,Wine,Bread]",4,84.45,CreditCard,No,22.0,0.0,Unsatisfied,3,0.0,21.1125,18,Dinner,Sunday,1
O0362,U044,5,W001,2025-01-04 20:27:00,"[Water,Beer,Pizza]",4,88.07,PayPal,Yes,24.0,2.02,Neutral,3,2.2936300669921654,22.0175,20,Dinner,Saturday,1
O0363,U008,10,W003,2025-01-05 03:51:00,"[Soup,Water,Bread]",5,75.15,Cash,No,11.0,9.28,Satisfied,3,12.348636061210911,15.030000000000001,3,Off-Peak,Sunday,1
O0364,U020,7,W007,2025-01-09 17:10:00,[Steak],1,19.21,CreditCard,Yes,40.0,0.1,Neutral,1,0.5205622071837585,19.21,17,Off-Peak,Thursday,0
O0365,U012,8,W001,2025-01-06 15:33:00,[Coke],2,18.61,CreditCard,No,9.0,2.0,Satisfied,1,10.746910263299302,9.305,15,Off-Peak,Monday,0
O0366,U002,5,W003,2025-01-03 12:26:00,"[Steak,Burger]",4,31.65,Cash,Yes,60.0,1.94,Neutral,2,6.129541864139021,7.9125,12,Lunch,Friday,0
O0367,U045,6,W003,2025-01-07 00:17:00,"[Bread,Soup]",6,33.0,CreditCard,Yes,59.0,3.96,Satisfied,2,12.0,5.5,0,Off-Peak,Tuesday,0
O0368,U050,6,W007,2025-01-08 13:40:00,"[Pasta,Coke,Burger,Bread,Steak]",3,154.82,CreditCard,No,34.0,0.0,Unsatisfied,5,0.0,51.60666666666666,13,Lunch,Wednesday,0
O0369,U008,10,W007,2025-01-03 14:41:00,[Pasta],1,18.18,PayPal,No,55.0,0.82,Neutral,1,4.51045104510451,18.18,14,Lunch,Friday,0
O0371,U015,3,W007,2025-01-01 12:01:00,"[Fries,Juice,Pizza,Coke]",5,86.33,CreditCard,No,57.0,0.0,Unsatisfied,4,0.0,17.266,12,Lunch,Wednesday,0
O0372,U050,7,W003,2025-01-02 17:35:00,"[Beer,Burger,Juice,Pasta]",5,59.01,CreditCard,Yes,40.0,3.23,Neutral,4,5.473648534146755,11.802,17,Off-Peak,Thursday,0
O0373,U035,5,W005,2025-01-10 14:54:00,"[Water,Soup,Fries]",6,66.36,CreditCard,No,38.0,0.76,Neutral,3,1.1452682338758287,11.06,14,Lunch,Friday,0
O0374,U012,9,W002,2025-01-01 20:11:00,"[Salad,Beer]",5,40.87,PayPal,Yes,37.0,3.64,Neutral,2,8.906288230976267,8.174,20,Dinner,Wednesday,0
O0375,U022,8,W001,2025-01-06 02:53:00,[Soup],6,24.68,PayPal,Yes,41.0,4.05,Satisfied,1,16.41004862236629,4.113333333333333,2,Off-Peak,Monday,0
O0376,U022,2,W008,2025-01-06 14:31:00,"[Juice,Steak,Burger]",5,51.66,PayPal,No,11.0,3.4,Neutral,3,6.581494386372436,10.331999999999999,14,Lunch,Monday,0
O0377,U014,9,W006,2025-01-10 06:16:00,[Steak],4,20.52,CreditCard,Yes,58.0,1.74,Satisfied,1,8.47953216374269,5.13,6,Off-Peak,Friday,0
O0378,U036,7,W006,2025-01-02 06:36:00,"[Burger,Salad,Juice,Bread]",6,72.54,Cash,Yes,55.0,4.03,Satisfied,4,5.555555555555555,12.090000000000002,6,Off-Peak,Thursday,0
O0379,U045,5,W002,2025-01-05 16:41:00,"[Coke,Fries]",6,64.12,PayPal,No,20.0,2.36,Neutral,2,3.6805988771054268,10.686666666666667,16,Off-Peak,Sunday,1
O0380,U026,8,W001,2025-01-05 02:44:00,"[Fries,Salad,Beer]",1,46.64,CreditCard,Yes,55.0,0.0,Unsatisfied,3,0.0,46.64,2,Off-Peak,Sunday,1
O0381,U041,5,W003,2025-01-06 22:41:00,"[Bread,Fries]",2,22.16,Cash,Yes,25.0,0.0,Unsatisfied,2,0.0,11.08,22,Off-Peak,Monday,0
O0382,U004,1,W007,2025-01-10 14:14:00,"[Soup,Coke,Salad,Wine,Pasta]",1,83.23,PayPal,No,28.0,11.27,Satisfied,5,13.540790580319594,83.23,14,Lunch,Friday,0
O0383,U039,2,W008,2025-01-08 04:29:00,"[Fries,Beer,Soup]",3,82.94,PayPal,No,18.0,0.0,Unsatisfied,3,0.0,27.646666666666665,4,Off-Peak,Wednesday,0
O0385,U025,9,W008,2025-01-02 03:13:00,"[Salad,Juice,Beer,Pasta,Water]",5,128.21,PayPal,Yes,35.0,11.69,Neutral,5,9.11785352156618,25.642000000000003,3,Off-Peak,Thursday,0
O0386,U021,8,W001,2025-01-08 06:08:00,"[Pizza,Coke,Salad]",1,60.91,PayPal,Yes,37.0,3.53,Neutral,3,5.7954358890165825,60.91,6,Off-Peak,Wednesday,0
O0387,U035,3,W010,2025-01-05 22:01:00,"[Pasta,Salad,Burger,Juice]",3,114.43,CreditCard,No,43.0,9.85,Neutral,4,8.607882548282793,38.14333333333334,22,Off-Peak,Sunday,1
O0388,U017,8,W004,2025-01-06 23:04:00,"[Wine,Soup,Beer,Salad,Juice]",2,56.19,PayPal,Yes,40.0,4.8,Neutral,5,8.542445274959958,28.095,23,Off-Peak,Monday,0
O0389,U026,9,W001,2025-01-09 14:19:00,"[Juice,Pizza,Burger]",2,88.19,PayPal,Yes,18.0,0.0,Unsatisfied,3,0.0,44.095,14,Lunch,Thursday,0
O0390,U014,1,W001,2025-01-01 19:11:00,"[Coke,Pasta,Bread,Fries]",2,73.6,Cash,No,45.0,7.75,Satisfied,4,10.529891304347828,36.8,19,Dinner,Wednesday,0
O0391,U032,7,W003,2025-01-10 15:44:00,"[Juice,Water,Pasta]",4,47.56,CreditCard,Yes,19.0,1.55,Neutral,3,3.259041211101766,11.89,15,Off-Peak,Friday,0
O0392,U013,5,W004,2025-01-07 18:01:00,"[Water,Pasta,Beer]",4,74.95,PayPal,Yes,31.0,9.09,Satisfied,3,12.128085390260173,18.7375,18,Dinner,Tuesday,0
O0393,U033,1,W005,2025-01-03 22:14:00,[Wine],4,39.08,Cash,Yes,40.0,1.34,Neutral,1,3.4288638689866944,9.77,22,Off-Peak,Friday,0
O0394,U046,9,W002,2025-01-09 17:54:00,"[Steak,Pasta,Soup]",2,61.49,CreditCard,Yes,44.0,0.0,Unsatisfied,3,0.0,30.745,17,Off-Peak,Thursday,0
O0395,U013,10,W001,2025-01-09 15:07:00,"[Burger,Salad,Fries,Steak]",5,68.59,PayPal,Yes,12.0,0.0,Unsatisfied,4,0.0,13.718,15,Off-Peak,Thursday,0
O0396,U007,9,W004,2025-01-02 19:28:00,"[Water,Coke]",5,52.71,PayPal,Yes,49.0,2.02,Neutral,2,3.8322898880667804,10.542,19,Dinner,Thursday,0
O0397,U015,6,W002,2025-01-09 11:58:00,"[Steak,Soup]",4,38.93,CreditCard,No,57.0,2.52,Satisfied,2,6.473156948368867,9.7325,11,Lunch,Thursday,0
O0398,U004,2,W007,2025-01-03 15:10:00,"[Bread,Beer,Water]",3,44.15,Cash,No,31.0,2.63,Satisfied,3,5.9569648924122305,14.716666666666667,15,Off-Peak,Friday,0
O0399,U014,8,W005,2025-01-03 22:52:00,"[Pizza,Salad,Steak]",6,47.55,CreditCard,Yes,19.0,0.0,Unsatisfied,3,0.0,7.925,22,Off-Peak,Friday,0
O0400,U007,7,W003,2025-01-02 14:46:00,[Pizza],6,24.19,PayPal,No,23.0,2.28,Neutral,1,9.425382389417113,4.031666666666667,14,Lunch,Thursday,0
O0401,U011,1,W005,2025-01-09 12:00:00,"[Pasta,Beer]",2,33.6,Cash,No,24.0,5.35,Satisfied,2,15.922619047619047,16.8,12,Lunch,Thursday,0
O0402,U039,3,W003,2025-01-08 22:21:00,"[Steak,Burger,Soup]",6,82.35,CreditCard,Yes,17.0,0.0,Unsatisfied,3,0.0,13.725,22,Off-Peak,Wednesday,0
O0403,U050,5,W003,2025-01-09 10:04:00,"[Salad,Steak,Juice]",6,37.38,CreditCard,Yes,17.0,2.52,Neutral,3,6.741573033707865,6.23,10,Off-Peak,Thursday,0
O0404,U014,1,W005,2025-01-01 17:02:00,"[Water,Fries]",1,44.76,CreditCard,No,48.0,1.27,Neutral,2,2.837354781054513,44.76,17,Off-Peak,Wednesday,0
O0405,U037,5,W002,2025-01-04 17:44:00,"[Salad,Beer,Juice]",2,89.2,CreditCard,No,20.0,8.82,Neutral,3,9.887892376681615,44.6,17,Off-Peak,Saturday,1
O0406,U040,6,W006,2025-01-02 22:25:00,"[Fries,Burger,Wine]",5,90.96,PayPal,No,49.0,8.36,Neutral,3,9.19085312225154,18.192,22,Off-Peak,Thursday,0
O0407,U043,10,W004,2025-01-06 05:00:00,[Water],1,18.59,PayPal,Yes,6.0,1.44,Satisfied,1,7.746100053792361,18.59,5,Off-Peak,Monday,0
O0408,U017,5,W001,2025-01-04 15:15:00,"[Bread,Water,Fries,Juice]",4,84.83,PayPal,Yes,56.0,14.2,Satisfied,4,16.73936107509136,21.2075,15,Off-Peak,Saturday,1
O0409,U005,6,W001,2025-01-01 16:37:00,"[Beer,Pizza,Salad,Burger]",2,80.88,PayPal,No,20.0,10.43,Satisfied,4,12.895647873392683,40.44,16,Off-Peak,Wednesday,0
O0410,U025,6,W005,2025-01-10 11:13:00,"[Pizza,Burger,Salad,Coke,Water]",6,84.5,Cash,No,20.0,4.82,Satisfied,5,5.70414201183432,14.083333333333334,11,Lunch,Friday,0
O0411,U035,5,W001,2025-01-05 19:04:00,"[Pasta,Bread,Pizza,Water]",2,118.42,CreditCard,No,42.0,0.0,Unsatisfied,4,0.0,59.21,19,Dinner,Sunday,1
O0412,U017,7,W009,2025-01-06 21:00:00,"[Steak,Burger]",6,55.84,PayPal,Yes,5.0,0.0,Unsatisfied,2,0.0,9.306666666666667,21,Dinner,Monday,0
O0413,U027,1,W009,2025-01-07 06:13:00,"[Coke,Water]",2,54.06,PayPal,No,6.0,0.0,Unsatisfied,2,0.0,27.03,6,Off-Peak,Tuesday,0
O0414,U014,8,W001,2025-01-02 22:15:00,[Pasta],1,24.1,PayPal,Yes,16.0,0.54,Neutral,1,2.240663900414938,24.1,22,Off-Peak,Thursday,0
O0415,U043,5,W005,2025-01-04 10:59:00,"[Juice,Soup]",1,24.6,CreditCard,Yes,37.0,0.0,Unsatisfied,2,0.0,24.6,10,Off-Peak,Saturday,1
O0416,U043,5,W004,2025-01-02 19:16:00,[Water],4,31.95,PayPal,Yes,45.0,1.78,Satisfied,1,5.571205007824727,7.9875,19,Dinner,Thursday,0
O0417,U019,8,W008,2025-01-04 19:50:00,"[Water,Soup,Fries,Pizza]",6,128.84,CreditCard,No,10.0,0.0,Unsatisfied,4,0.0,21.473333333333333,19,Dinner,Saturday,1
O0418,U020,2,W003,2025-01-07 17:52:00,[Water],6,51.62,CreditCard,No,32.0,7.6,Satisfied,1,14.722975590856258,8.603333333333333,17,Off-Peak,Tuesday,0
O0419,U013,4,W009,2025-01-10 18:40:00,"[Water,Salad,Fries]",4,51.66,CreditCard,No,6.0,0.96,Neutral,3,1.8583042973286876,12.915,18,Dinner,Friday,0
O0420,U008,5,W006,2025-01-01 20:19:00,"[Beer,Steak,Salad,Water]",1,82.82,Cash,Yes,29.0,0.0,Unsatisfied,4,0.0,82.82,20,Dinner,Wednesday,0
O0421,U010,10,W009,2025-01-05 17:57:00,[Burger],4,28.68,PayPal,Yes,41.0,0.0,Unsatisfied,1,0.0,7.17,17,Off-Peak,Sunday,1
O0422,U016,7,W009,2025-01-03 17:55:00,[Beer],2,22.16,PayPal,Yes,55.0,1.45,Satisfied,1,6.543321299638989,11.08,17,Off-Peak,Friday,0
O0423,U026,2,W007,2025-01-08 09:28:00,"[Salad,Juice]",3,49.67,PayPal,No,56.0,2.54,Neutral,2,5.1137507549828864,16.55666666666667,9,Off-Peak,Wednesday,0
O0424,U027,5,W004,2025-01-06 11:29:00,"[Wine,Salad,Burger,Steak,Beer]",3,118.38,Cash,Yes,28.0,0.0,Unsatisfied,5,0.0,39.46,11,Lunch,Monday,0
O0426,U002,2,W002,2025-01-07 17:58:00,[Soup],3,17.4,PayPal,No,47.0,3.14,Satisfied,1,18.045977011494255,5.8,17,Off-Peak,Tuesday,0
O0428,U020,2,W010,2025-01-02 05:48:00,"[Soup,Coke,Water]",3,97.61,PayPal,No,60.0,0.0,Unsatisfied,3,0.0,32.53666666666667,5,Off-Peak,Thursday,0
O0429,U040,2,W010,2025-01-08 20:18:00,"[Soup,Steak,Water,Pizza,Juice]",4,102.41,CreditCard,No,25.0,0.0,Unsatisfied,5,0.0,25.6025,20,Dinner,Wednesday,0
O0431,U004,3,W005,2025-01-05 16:28:00,[Steak],4,28.98,CreditCard,Yes,58.0,1.45,Satisfied,1,5.003450655624569,7.245,16,Off-Peak,Sunday,1
O0432,U034,2,W001,2025-01-04 12:53:00,[Pasta],1,25.36,PayPal,Yes,43.0,0.0,Unsatisfied,1,0.0,25.36,12,Lunch,Saturday,1
O0433,U042,3,W005,2025-01-06 12:56:00,[Beer],5,43.25,Cash,Yes,39.0,0.0,Unsatisfied,1,0.0,8.65,12,Lunch,Monday,0
O0435,U041,8,W004,2025-01-08 20:09:00,"[Fries,Water]",3,50.62,Cash,No,20.0,3.11,Neutral,2,6.1438166732516795,16.87333333333333,20,Dinner,Wednesday,0
O0436,U004,3,W003,2025-01-02 18:43:00,"[Coke,Pasta]",2,67.85,CreditCard,No,14.0,0.0,Unsatisfied,2,0.0,33.925,18,Dinner,Thursday,0
O0437,U016,5,W005,2025-01-02 07:25:00,"[Soup,Salad,Bread,Water,Pasta]",3,116.61,PayPal,Yes,41.0,11.68,Satisfied,5,10.016293628333763,38.87,7,Off-Peak,Thursday,0
O0438,U035,10,W001,2025-01-04 07:19:00,[Salad],6,37.78,Cash,No,5.0,1.18,Neutral,1,3.1233456855479087,6.296666666666667,7,Off-Peak,Saturday,1
O0439,U040,7,W004,2025-01-04 14:52:00,[Steak],1,17.16,CreditCard,Yes,5.0,0.0,Unsatisfied,1,0.0,17.16,14,Lunch,Saturday,1
O0440,U045,7,W001,2025-01-04 06:50:00,"[Coke,Soup]",3,37.34,PayPal,No,36.0,3.42,Neutral,2,9.15907873594001,12.446666666666667,6,Off-Peak,Saturday,1
O0441,U033,2,W001,2025-01-03 10:06:00,"[Salad,Pasta]",2,47.86,CreditCard,No,48.0,0.0,Unsatisfied,2,0.0,23.93,10,Off-Peak,Friday,0
O0442,U031,5,W005,2025-01-02 07:24:00,"[Juice,Wine]",2,41.17,CreditCard,No,26.0,0.0,Unsatisfied,2,0.0,20.585,7,Off-Peak,Thursday,0
O0443,U026,2,W001,2025-01-02 02:31:00,"[Coke,Pizza,Bread]",3,52.04,CreditCard,No,59.0,8.13,Satisfied,3,15.62259800153728,17.346666666666668,2,Off-Peak,Thursday,0
O0444,U003,1,W006,2025-01-07 23:30:00,"[Juice,Coke,Pizza,Wine,Pasta]",1,47.47,CreditCard,Yes,37.0,9.01,Satisfied,5,18.980408679165787,47.47,23,Off-Peak,Tuesday,0
O0445,U031,10,W008,2025-01-02 23:32:00,"[Salad,Bread,Juice,Pasta,Fries]",1,79.49,Cash,Yes,26.0,14.58,Satisfied,5,18.34192980249088,79.49,23,Off-Peak,Thursday,0
O0446,U023,6,W010,2025-01-06 05:52:00,"[Beer,Soup,Juice,Burger,Pasta]",3,87.87,CreditCard,Yes,37.0,3.8,Neutral,5,4.32457038807329,29.290000000000003,5,Off-Peak,Monday,0
O0447,U034,8,W008,2025-01-10 18:25:00,"[Beer,Bread]",3,61.74,PayPal,No,45.0,0.0,Unsatisfied,2,0.0,20.580000000000002,18,Dinner,Friday,0
O0448,U039,7,W004,2025-01-06 17:26:00,"[Coke,Soup,Steak]",6,101.31,Cash,No,48.0,13.65,Satisfied,3,13.473497186852235,16.885,17,Off-Peak,Monday,0
O0449,U040,5,W006,2025-01-03 23:25:00,[Steak],5,35.73,PayPal,No,57.0,0.0,Unsatisfied,1,0.0,7.145999999999999,23,Off-Peak,Friday,0
O0450,U042,5,W006,2025-01-04 11:47:00,[Salad],5,30.61,PayPal,No,21.0,2.93,Neutral,1,9.572035282587391,6.122,11,Lunch,Saturday,1
O0451,U022,4,W004,2025-01-08 23:29:00,"[Beer,Wine,Juice,Coke]",1,92.2,PayPal,Yes,25.0,0.0,Unsatisfied,4,0.0,92.2,23,Off-Peak,Wednesday,0
O0452,U040,5,W005,2025-01-03 01:25:00,[Juice],6,37.65,Cash,Yes,58.0,0.34,Neutral,1,0.903054448871182,6.2749999999999995,1,Off-Peak,Friday,0
O0453,U004,7,W008,2025-01-05 13:34:00,"[Fries,Juice]",5,56.82,PayPal,No,29.0,2.2,Neutral,2,3.8718760999648016,11.364,13,Lunch,Sunday,1
O0454,U047,10,W003,2025-01-07 21:13:00,"[Fries,Pizza,Juice,Salad,Bread]",3,71.21,Cash,Yes,40.0,0.0,Unsatisfied,5,0.0,23.736666666666665,21,Dinner,Tuesday,0
O0455,U044,4,W006,2025-01-06 13:45:00,"[Coke,Pasta,Steak]",3,47.03,PayPal,Yes,52.0,3.74,Satisfied,3,7.952370827131619,15.676666666666668,13,Lunch,Monday,0
O0457,U034,9,W003,2025-01-03 11:54:00,"[Pizza,Bread]",6,54.01,CreditCard,No,19.0,8.77,Satisfied,2,16.2377337530087,9.001666666666667,11,Lunch,Friday,0
O0458,U035,9,W008,2025-01-09 05:56:00,[Juice],6,54.45,CreditCard,No,48.0,6.44,Satisfied,1,11.827364554637281,9.075000000000001,5,Off-Peak,Thursday,0
O0460,U004,7,W003,2025-01-09 04:24:00,"[Salad,Water]",1,50.2,Cash,No,10.0,0.0,Unsatisfied,2,0.0,50.2,4,Off-Peak,Thursday,0
O0462,U015,4,W007,2025-01-02 13:54:00,"[Soup,Wine]",4,52.31,PayPal,Yes,53.0,0.0,Unsatisfied,2,0.0,13.0775,13,Lunch,Thursday,0
O0463,U033,7,W010,2025-01-05 13:19:00,"[Coke,Fries]",5,73.64,Cash,No,28.0,0.69,Neutral,2,0.9369907658881041,14.728,13,Lunch,Sunday,1
O0464,U037,7,W003,2025-01-02 14:25:00,[Steak],3,25.98,CreditCard,Yes,32.0,2.98,Satisfied,1,11.470361816782141,8.66,14,Lunch,Thursday,0
O0465,U032,10,W007,2025-01-07 14:47:00,[Bread],2,25.08,Cash,Yes,55.0,1.53,Satisfied,1,6.100478468899522,12.54,14,Lunch,Tuesday,0
O0466,U046,5,W002,2025-01-04 20:29:00,[Bread],6,42.79,PayPal,Yes,57.0,0.0,Unsatisfied,1,0.0,7.131666666666667,20,Dinner,Saturday,1
O0467,U036,1,W004,2025-01-09 11:41:00,"[Pizza,Pasta]",5,52.69,PayPal,Yes,34.0,3.02,Neutral,2,5.731637881951035,10.538,11,Lunch,Thursday,0
O0468,U043,6,W004,2025-01-08 05:40:00,"[Pasta,Coke,Water]",4,65.41,PayPal,Yes,21.0,4.68,Neutral,3,7.15486928604189,16.3525,5,Off-Peak,Wednesday,0
O0469,U026,10,W009,2025-01-02 09:46:00,"[Burger,Wine,Bread,Pasta,Pizza]",1,101.98,Cash,No,12.0,5.57,Satisfied,5,5.4618552657383805,101.98,9,Off-Peak,Thursday,0
O0471,U006,6,W009,2025-01-07 08:42:00,[Wine],5,38.09,CreditCard,No,5.0,5.34,Satisfied,1,14.019427671304802,7.618,8,Off-Peak,Tuesday,0
O0472,U045,10,W004,2025-01-06 04:07:00,"[Salad,Juice,Fries,Coke,Bread]",3,133.23,Cash,No,29.0,0.0,Unsatisfied,5,0.0,44.41,4,Off-Peak,Monday,0
O0473,U017,9,W005,2025-01-07 12:28:00,"[Pasta,Juice,Salad,Fries]",5,75.57,CreditCard,Yes,46.0,1.48,Neutral,4,1.9584491200211724,15.113999999999999,12,Lunch,Tuesday,0
O0474,U006,9,W010,2025-01-07 05:02:00,"[Salad,Pizza,Fries,Water,Steak]",6,101.35,Cash,Yes,53.0,9.68,Neutral,5,9.551060680809078,16.891666666666666,5,Off-Peak,Tuesday,0
O0475,U003,9,W002,2025-01-10 20:57:00,"[Coke,Bread,Pizza,Steak]",6,73.7,CreditCard,Yes,52.0,0.0,Unsatisfied,4,0.0,12.283333333333333,20,Dinner,Friday,0
O0476,U005,4,W008,2025-01-09 09:24:00,"[Salad,Steak]",6,58.02,CreditCard,No,5.0,7.63,Satisfied,2,13.150637711134092,9.67,9,Off-Peak,Thursday,0
O0477,U037,8,W001,2025-01-10 15:23:00,"[Juice,Salad]",4,65.28,CreditCard,No,8.0,4.09,Satisfied,2,6.265318627450981,16.32,15,Off-Peak,Friday,0
O0478,U020,7,W007,2025-01-03 17:27:00,"[Steak,Water,Pasta,Burger]",1,79.83,Cash,No,39.0,5.27,Neutral,4,6.601528247525993,79.83,17,Off-Peak,Friday,0
O0479,U002,1,W010,2025-01-09 05:28:00,"[Burger,Beer,Coke,Steak]",3,64.39,PayPal,Yes,40.0,0.0,Unsatisfied,4,0.0,21.463333333333335,5,Off-Peak,Thursday,0
O0480,U042,8,W003,2025-01-07 00:56:00,"[Salad,Pasta]",3,66.89,PayPal,No,44.0,5.13,Neutral,2,7.669307818806996,22.296666666666667,0,Off-Peak,Tuesday,0
O0481,U020,9,W007,2025-01-02 23:10:00,[Coke],1,16.91,PayPal,No,49.0,0.54,Neutral,1,3.1933767001774096,16.91,23,Off-Peak,Thursday,0
O0482,U049,2,W003,2025-01-09 08:20:00,[Pizza],6,35.63,Cash,No,30.0,2.28,Neutral,1,6.399101880437833,5.9383333333333335,8,Off-Peak,Thursday,0
O0483,U020,6,W002,2025-01-02 20:01:00,[Water],5,34.7,PayPal,Yes,11.0,0.0,Unsatisfied,1,0.0,6.94,20,Dinner,Thursday,0
O0484,U046,5,W007,2025-01-04 19:50:00,"[Fries,Burger]",6,47.74,PayPal,Yes,18.0,8.46,Satisfied,2,17.720988688730625,7.956666666666667,19,Dinner,Saturday,1
O0485,U045,8,W004,2025-01-02 02:34:00,"[Wine,Water,Soup]",6,110.14,CreditCard,No,43.0,0.0,Unsatisfied,3,0.0,18.356666666666666,2,Off-Peak,Thursday,0
O0486,U041,4,W005,2025-01-09 14:26:00,"[Pizza,Pasta,Bread,Fries,Soup]",5,72.83,CreditCard,Yes,11.0,0.0,Unsatisfied,5,0.0,14.565999999999999,14,Lunch,Thursday,0
O0487,U032,4,W009,2025-01-02 14:54:00,[Soup],5,22.72,PayPal,Yes,40.0,0.0,Unsatisfied,1,0.0,4.544,14,Lunch,Thursday,0
O0488,U025,7,W003,2025-01-05 05:51:00,"[Water,Juice]",5,42.97,PayPal,No,54.0,2.91,Satisfied,2,6.772166627879916,8.594,5,Off-Peak,Sunday,1
O0489,U048,9,W010,2025-01-07 20:01:00,"[Salad,Steak,Beer]",4,90.5,PayPal,No,17.0,11.86,Satisfied,3,13.104972375690608,22.625,20,Dinner,Tuesday,0
O0490,U009,6,W008,2025-01-04 16:06:00,"[Burger,Coke]",5,69.17,PayPal,No,35.0,0.0,Unsatisfied,2,0.0,13.834,16,Off-Peak,Saturday,1
O0491,U014,2,W009,2025-01-07 04:21:00,"[Coke,Pizza,Burger,Fries]",6,80.75,CreditCard,No,12.0,6.06,Neutral,4,7.504643962848297,13.458333333333334,4,Off-Peak,Tuesday,0
O0492,U013,6,W009,2025-01-02 07:18:00,"[Water,Burger,Beer]",6,96.65,CreditCard,No,38.0,12.93,Satisfied,3,13.3781686497672,16.108333333333334,7,Off-Peak,Thursday,0
O0493,U019,10,W009,2025-01-05 20:34:00,"[Water,Burger,Fries]",3,57.67,PayPal,Yes,34.0,0.0,Unsatisfied,3,0.0,19.223333333333333,20,Dinner,Sunday,1
O0494,U040,9,W003,2025-01-06 17:55:00,"[Soup,Juice,Fries,Burger]",4,77.61,PayPal,No,49.0,13.57,Satisfied,4,17.484860198428038,19.4025,17,Off-Peak,Monday,0
O0495,U025,6,W003,2025-01-07 06:14:00,"[Fries,Burger,Wine,Soup,Coke]",4,156.26,Cash,No,51.0,0.0,Unsatisfied,5,0.0,39.065,6,Off-Peak,Tuesday,0
O0496,U050,9,W009,2025-01-08 17:31:00,[Water],3,28.79,Cash,Yes,60.0,0.87,Neutral,1,3.021882598124349,9.596666666666666,17,Off-Peak,Wednesday,0
O0497,U033,5,W003,2025-01-10 08:30:00,"[Wine,Salad]",5,42.32,Cash,Yes,29.0,2.96,Satisfied,2,6.994328922495274,8.464,8,Off-Peak,Friday,0
O0498,U013,6,W001,2025-01-03 17:41:00,[Salad],2,35.19,Cash,No,18.0,0.82,Neutral,1,2.3302074452969594,17.595,17,Off-Peak,Friday,0
O0499,U021,8,W002,2025-01-10 10:36:00,[Coke],3,32.29,CreditCard,Yes,33.0,2.12,Satisfied,1,6.565500154846703,10.763333333333334,10,Off-Peak,Friday,0
O0500,U040,8,W009,2025-01-06 09:16:00,"[Steak,Fries,Juice,Bread,Beer]",5,117.89,PayPal,No,49.0,0.0,Unsatisfied,5,0.0,23.578,9,Off-Peak,Monday,0
