OrderID,UserID,TableNumber,WaiterID,OrderDateTime,ItemsOrdered,NumberOfGuests,BillAmount,PaymentMethod,DiscountUsed,WaitTime,Tip,CustomerSatisfaction
O0001,U040,5,W005,1/6/2025 13:38,"[Water,Soup,Pizza]",3,41.34,CreditCard,Yes,14,2.94,Neutral
O0002,U028,7,W005,1/5/2025 3:03,"[Fries,Soup]",1,44.18,PayPal,No,18,5.49,Satisfied
O0003,U011,4,W003,1/2/2025 1:12,"[Bread,Beer,Soup,Coke]",5,60.16,Cash,Yes,49,4.72,Neutral
O0004,U023,5,W007,1/8/2025 22:41,"[Salad,Fries]",1,40.75,Cash,Yes,42,6.4,Satisfied
O0005,U047,2,W003,1/1/2025 18:21,"[Soup,Burger,Pasta,Bread]",1,71.96,Cash,No,58,10.14,Satisfied
O0006,U011,2,W006,1/6/2025 21:43,"[Burger,Salad]",4,33.28,PayPal,Yes,15,0,Unsatisfied
O0007,U044,10,W003,1/5/2025 16:15,"[Juice,Pizza,Pasta,Water,Salad]",2,92.57,PayPal,Yes,29,14.35,Satisfied
O0008,U044,2,W005,1/3/2025 22:05,[Wine],4,35.06,PayPal,Yes,29,5.49,Satisfied
O0009,U009,1,W003,1/4/2025 11:30,[Salad],5,33.56,Cash,No,49,0,Unsatisfied
O0010,U017,7,W004,1/8/2025 6:22,"[Fries,Pasta]",1,43.85,CreditCard,Yes,49,0,Unsatisfied
O0011,U023,3,W008,1/7/2025 10:39,[Coke],4,25.42,CreditCard,Yes,59,1.34,Neutral
O0012,U009,8,W010,1/1/2025 11:23,"[Juice,Coke]",2,27.01,CreditCard,No,47,0.53,Neutral
O0013,U005,7,W001,1/6/2025 20:41,"[Water,Beer,Juice,Pasta,Fries]",3,139.52,CreditCard,Yes,5,8.24,Neutral
O0014,U014,9,W002,1/8/2025 14:39,"[Beer,Bread]",5,68.54,PayPal,Yes,15,2.41,Neutral
O0015,U003,5,W009,1/10/2025 6:49,"[Pasta,Soup,Juice,Fries,Burger]",1,139.81,CreditCard,No,41,13.56,Satisfied
O0016,U032,3,W003,1/6/2025 22:46,[Beer],4,35.03,CreditCard,No,20,0,Unsatisfied
O0017,U012,5,W005,1/5/2025 15:56,[Coke],1,14.75,CreditCard,Yes,50,0,Unsatisfied
O0018,U027,3,W010,1/5/2025 9:38,"[Soup,Pizza]",3,57,Cash,Yes,21,3.97,Satisfied
O0019,U035,3,W009,1/10/2025 1:07,[Bread],6,39.54,Cash,No,38,3.29,Neutral
O0020,U048,6,W008,1/10/2025 19:37,"[Coke,Water]",2,58.89,CreditCard,Yes,36,2.11,Neutral
O0021,U006,1,W001,1/9/2025 10:47,"[Fries,Beer,Coke,Pizza]",5,79.86,CreditCard,Yes,17,6.46,Satisfied
O0022,U035,6,W002,1/5/2025 17:40,"[Bread,Pasta,Water]",5,66.95,PayPal,Yes,29,0,Unsatisfied
O0023,U028,6,W010,1/2/2025 10:14,"[Water,Steak,Fries]",2,42.37,Cash,No,33,2.51,Neutral
O0024,U007,3,W006,1/9/2025 18:39,"[Pizza,Pasta,Beer,Salad]",5,98.06,CreditCard,No,39,0,Unsatisfied
O0025,U029,6,W004,1/7/2025 9:51,"[Steak,Beer,Soup,Water,Fries]",4,134.42,CreditCard,No,32,16.03,Satisfied
O0026,U020,7,W002,1/1/2025 11:14,"[Fries,Water,Pasta]",6,100.75,PayPal,No,30,3.68,Neutral
O0027,U041,9,W002,1/9/2025 8:32,"[Steak,Salad,Juice,Burger,Coke]",6,143.69,CreditCard,No,30,8.66,Satisfied
O0028,U037,7,W003,1/6/2025 11:16,"[Juice,Wine,Bread,Coke]",6,64.22,Cash,Yes,46,6.07,Satisfied
O0029,U018,4,W002,1/1/2025 20:05,"[Beer,Fries,Bread]",5,81.83,CreditCard,No,7,0,Unsatisfied
O0030,U040,8,W001,1/7/2025 19:12,"[Bread,Soup,Pizza]",5,53.4,PayPal,Yes,47,9.96,Satisfied
O0031,U033,5,W010,1/2/2025 0:45,"[Pasta,Steak,Bread,Beer]",4,103.29,PayPal,No,25,0,Unsatisfied
O0032,U028,1,W008,1/9/2025 18:32,"[Pizza,Soup]",3,48.92,PayPal,Yes,11,1.73,Neutral
O0033,U009,1,W007,1/3/2025 18:56,"[Soup,Steak,Pasta,Coke,Juice]",1,115.81,Cash,No,30,9.34,Neutral
O0034,U016,5,W007,1/4/2025 5:16,"[Burger,Pasta,Wine]",6,44.44,Cash,Yes,10,0,Unsatisfied
O0035,U033,5,W004,1/4/2025 9:54,[Burger],3,24.1,Cash,Yes,37,1.92,Neutral
O0036,U028,6,W003,1/3/2025 3:02,"[Steak,Salad,Burger,Beer]",4,82.87,CreditCard,Yes,32,5.75,Satisfied
O0037,U003,6,W006,1/9/2025 1:23,"[Steak,Burger]",1,43.94,PayPal,Yes,8,1.91,Neutral
O0038,U012,10,W007,1/1/2025 22:38,"[Pasta,Salad,Fries]",6,49.79,PayPal,Yes,50,2.83,Satisfied
O0039,U047,4,W001,1/8/2025 22:26,[Water],1,18.02,Cash,No,38,1.08,Neutral
O0040,U021,6,W010,1/9/2025 22:45,"[Salad,Burger]",3,47.16,PayPal,Yes,8,3.33,Satisfied
O0041,U047,10,W009,1/4/2025 0:22,"[Beer,Water,Bread,Juice,Pasta]",6,88.77,PayPal,Yes,44,0,Unsatisfied
O0042,U011,1,W006,1/6/2025 23:16,"[Pasta,Bread,Salad]",1,66.69,PayPal,No,41,1.88,Neutral
O0043,U001,10,W010,1/1/2025 16:14,"[Pizza,Burger,Soup,Bread,Wine]",6,105.15,CreditCard,No,24,0,Unsatisfied
O0044,U035,9,W002,1/6/2025 6:32,"[Pizza,Juice,Fries]",3,52.22,PayPal,Yes,36,2.12,Neutral
O0045,U003,4,W006,1/8/2025 14:39,"[Juice,Fries,Burger,Coke,Pasta]",4,54.16,PayPal,Yes,17,8.22,Satisfied
O0046,U041,7,W004,1/7/2025 5:02,"[Pasta,Salad,Steak,Juice]",2,108.15,PayPal,Yes,54,6.61,Satisfied
O0047,U024,1,W001,1/1/2025 16:19,[Fries],3,26.31,Cash,No,38,0.27,Neutral
O0048,U026,7,W006,1/2/2025 9:28,"[Water,Beer,Burger,Fries,Steak]",6,121.14,PayPal,Yes,35,5.76,Neutral
O0049,U031,1,W003,1/8/2025 19:47,"[Burger,Steak]",5,48.35,Cash,Yes,41,6.76,Satisfied
O0050,U016,10,W009,1/9/2025 0:17,"[Soup,Beer,Salad,Coke,Water]",3,109.91,Cash,Yes,36,2.24,Neutral
O0051,U028,7,W006,1/7/2025 11:50,"[Coke,Wine,Pasta,Juice]",2,83.79,PayPal,Yes,60,4.51,Neutral
O0052,U034,6,W004,1/1/2025 19:21,"[Fries,Juice,Bread,Coke]",6,116.07,Cash,No,7,0,Unsatisfied
O0053,U007,2,W007,1/8/2025 15:04,"[Wine,Bread,Pasta,Fries]",5,110.88,PayPal,Yes,43,0,Unsatisfied
O0054,U049,9,W006,1/7/2025 23:15,[Coke],3,31.53,Cash,No,30,0,Unsatisfied
O0055,U031,7,W005,1/6/2025 5:55,"[Burger,Wine,Pizza,Pasta,Coke]",5,97.48,CreditCard,No,46,18.98,Satisfied
O0056,U012,9,W009,1/10/2025 6:26,"[Water,Wine,Soup,Coke]",5,124.18,CreditCard,Yes,20,10.71,Neutral
O0057,U024,2,W004,1/5/2025 3:55,"[Juice,Steak,Bread]",6,103.85,CreditCard,No,29,16.99,Satisfied
O0058,U030,5,W008,1/5/2025 23:33,[Bread],4,37.12,Cash,No,41,4.2,Satisfied
O0059,U004,1,W008,1/2/2025 20:22,"[Burger,Pizza,Juice]",6,94.94,CreditCard,No,39,4.47,Neutral
O0060,U033,2,W007,1/8/2025 14:19,[Pizza],1,16.96,CreditCard,Yes,60,2.9,Satisfied
O0061,U037,7,W009,1/8/2025 11:36,"[Coke,Pizza,Water,Wine,Steak]",1,132.27,CreditCard,No,42,0,Unsatisfied
O0062,U027,5,W008,1/4/2025 9:53,"[Beer,Soup,Burger,Steak]",4,106.92,CreditCard,No,41,4.65,Neutral
O0063,U010,4,W007,1/3/2025 1:38,"[Fries,Soup]",3,58.73,PayPal,Yes,52,8.12,Satisfied
O0064,U037,8,W007,1/5/2025 12:10,"[Burger,Bread,Beer]",5,81.02,Cash,Yes,57,5.01,Neutral
O0065,U027,8,W003,1/9/2025 1:41,"[Beer,Steak,Salad,Soup]",3,57.48,Cash,No,41,5.35,Neutral
O0066,U004,9,W007,1/4/2025 20:16,"[Fries,Soup]",5,47.15,Cash,Yes,,5.15,Satisfied
O0067,U050,4,W006,1/7/2025 1:11,"[Water,Pizza,Wine,Salad,Soup]",2,111.19,CreditCard,Yes,27,5.33,Neutral
O0068,U021,10,W006,1/2/2025 16:55,"[Juice,Water,Salad,Steak,Wine]",2,149.6,PayPal,No,30,14.11,Neutral
O0069,U029,8,W002,1/7/2025 3:01,"[Salad,Steak,Coke,Water,Burger]",3,102.35,CreditCard,No,7,4.87,Neutral
O0070,U046,10,W003,1/10/2025 15:59,"[Juice,Burger,Coke,Wine,Bread]",4,96.9,CreditCard,Yes,41,0,Unsatisfied
O0071,U033,4,W002,1/10/2025 12:49,"[Salad,Soup,Water,Bread]",6,145.32,Cash,No,48,9.28,Satisfied
O0072,U047,5,W006,1/7/2025 6:26,"[Wine,Beer]",4,37.96,CreditCard,No,32,0,Unsatisfied
O0073,U043,7,W006,1/2/2025 17:41,"[Soup,Salad,Water,Fries,Pizza]",3,109.12,CreditCard,Yes,60,17.23,Satisfied
O0074,U003,7,W009,1/4/2025 13:51,"[Beer,Wine,Burger,Bread]",2,116.26,Cash,No,47,9.54,Satisfied
O0075,U010,8,W002,1/2/2025 16:47,"[Wine,Soup,Juice]",6,64.75,PayPal,No,19,4.98,Neutral
O0076,U009,1,W007,1/2/2025 3:27,"[Pasta,Juice,Wine]",2,35.74,CreditCard,No,40,1.28,Neutral
O0077,U006,4,W005,1/5/2025 3:24,"[Steak,Juice,Water,Bread]",5,109.17,Cash,Yes,8,0,Unsatisfied
O0078,U008,8,W004,1/5/2025 4:04,"[Beer,Water,Wine,Pizza]",2,80.8,CreditCard,No,5,1.3,Neutral
O0079,U044,4,W008,1/4/2025 2:25,"[Salad,Coke,Pizza]",1,63.13,PayPal,No,47,10.71,Satisfied
O0080,U048,1,W001,1/2/2025 10:43,"[Fries,Pasta,Juice,Coke]",5,62.15,CreditCard,No,,9.71,Satisfied
O0081,U045,3,W008,1/10/2025 12:27,"[Juice,Wine,Coke,Soup]",5,50.19,CreditCard,Yes,32,7.56,Satisfied
O0082,U044,6,W001,1/9/2025 23:58,"[Pizza,Juice,Coke,Wine]",5,95.92,PayPal,No,54,3.12,Neutral
O0083,U028,7,W006,1/2/2025 9:23,"[Steak,Pasta]",4,71.48,Cash,No,21,0.62,Neutral
O0084,U010,2,W009,1/10/2025 4:40,"[Water,Fries]",6,73.56,CreditCard,No,23,0,Unsatisfied
O0085,U021,10,W007,1/7/2025 22:03,"[Beer,Pizza]",3,52.71,CreditCard,No,41,2.65,Satisfied
O0086,U025,1,W006,1/9/2025 7:13,[Wine],6,22.43,CreditCard,Yes,19,0,Unsatisfied
O0087,U015,9,W008,1/3/2025 14:09,"[Pasta,Soup,Juice,Burger,Beer]",2,60.5,PayPal,No,26,4.87,Satisfied
O0088,U033,1,W003,1/4/2025 17:53,[Pizza],3,33.03,PayPal,Yes,6,4.6,Satisfied
O0089,U007,3,W004,1/6/2025 9:58,"[Beer,Water,Coke,Burger,Pasta]",3,130.56,CreditCard,Yes,7,25.85,Satisfied
O0090,U009,4,W004,1/10/2025 9:48,"[Coke,Beer,Salad,Bread,Water]",6,165.46,PayPal,No,32,10.92,Neutral
O0091,U008,6,W007,1/10/2025 20:04,[Wine],1,29.84,PayPal,No,36,0,Unsatisfied
O0092,U007,8,W004,1/9/2025 3:33,"[Coke,Soup,Bread,Fries,Beer]",2,79.47,CreditCard,No,59,12.33,Satisfied
O0093,U012,4,W002,1/10/2025 9:38,[Salad],3,28.83,CreditCard,No,48,0,Unsatisfied
O0094,U018,9,W003,1/8/2025 14:44,"[Pasta,Soup,Coke]",5,95.33,PayPal,Yes,41,0,Unsatisfied
O0095,U032,8,W009,1/7/2025 1:59,"[Steak,Water]",3,31.31,PayPal,Yes,20,0.8,Neutral
O0096,U028,3,W007,1/6/2025 18:22,"[Pasta,Wine]",2,63.75,CreditCard,No,28,0,Unsatisfied
O0097,U015,8,W005,1/5/2025 9:19,[Wine],6,38.3,Cash,Yes,37,3.67,Neutral
O0098,U001,10,W008,1/9/2025 16:29,"[Juice,Coke]",5,58.43,Cash,Yes,54,1.87,Neutral
O0099,U005,1,W008,1/3/2025 7:41,[Pizza],5,46.92,Cash,No,9,0,Unsatisfied
O0100,U039,7,W001,1/6/2025 20:45,"[Bread,Coke]",2,34.79,CreditCard,No,55,0,Unsatisfied
O0101,U012,5,W007,1/8/2025 23:59,"[Coke,Pasta,Salad,Burger]",1,101.55,CreditCard,No,31,0,Unsatisfied
O0102,U019,8,W002,1/6/2025 12:43,"[Burger,Bread,Coke,Water]",3,96.61,Cash,Yes,7,9.31,Neutral
O0103,U024,7,W005,1/8/2025 9:09,[Pasta],1,27.1,PayPal,No,12,4.8,Satisfied
O0104,U003,1,W008,1/6/2025 7:16,"[Water,Steak,Pizza,Burger]",3,84.92,PayPal,Yes,44,0,Unsatisfied
O0105,U043,10,W008,1/3/2025 1:11,"[Wine,Bread]",3,54.02,PayPal,No,31,1.07,Neutral
O0106,U009,4,W008,1/10/2025 15:33,"[Fries,Pasta,Bread]",1,29.9,Cash,Yes,43,2.44,Neutral
O0107,U037,6,W008,1/2/2025 11:12,"[Steak,Pasta,Fries,Wine]",1,99.05,Cash,No,52,14.29,Satisfied
O0108,U030,8,W004,1/5/2025 0:33,"[Bread,Salad,Juice,Fries]",3,105.91,PayPal,No,25,17.37,Satisfied
O0109,U046,9,W004,1/4/2025 15:56,[Juice],6,30.94,Cash,No,50,4.91,Satisfied
O0110,U041,2,W006,1/10/2025 15:33,"[Coke,Pizza,Pasta,Salad,Steak]",3,77.6,Cash,Yes,26,5.55,Satisfied
O0111,U019,6,W006,1/8/2025 10:34,"[Bread,Soup,Wine,Juice,Beer]",1,45.78,CreditCard,Yes,60,0,Unsatisfied
O0112,U016,10,W006,1/3/2025 4:29,"[Water,Wine]",4,39.83,CreditCard,No,51,1.37,Neutral
O0113,U035,7,W009,1/1/2025 12:00,"[Salad,Bread]",1,38.85,CreditCard,No,27,3.24,Neutral
O0114,U036,7,W005,1/7/2025 3:52,"[Salad,Juice]",2,66.39,CreditCard,No,59,0,Unsatisfied
O0115,U013,7,W010,1/4/2025 13:03,[Water],6,38.18,CreditCard,No,16,2.67,Satisfied
O0116,U041,8,W004,1/10/2025 13:05,"[Bread,Juice,Pasta]",4,91.2,Cash,No,,5.14,Neutral
O0117,U027,5,W008,1/4/2025 4:18,"[Juice,Salad,Burger]",3,51.52,Cash,Yes,40,1.84,Neutral
O0118,U035,3,W004,1/2/2025 3:49,"[Beer,Coke]",5,33,Cash,Yes,27,0,Unsatisfied
O0119,U021,5,W003,1/9/2025 0:38,"[Coke,Burger,Fries,Beer]",6,83.33,Cash,No,17,7,Satisfied
O0120,U030,1,W005,1/5/2025 7:14,"[Water,Juice,Pasta,Beer,Coke]",1,74.99,PayPal,Yes,21,6.45,Satisfied
O0121,U037,2,W007,1/6/2025 7:21,"[Beer,Water]",1,56.28,PayPal,Yes,43,6.91,Satisfied
O0122,U007,5,W005,1/5/2025 10:14,[Fries],3,30.05,CreditCard,Yes,24,4.69,Satisfied
O0123,U042,9,W001,1/9/2025 12:58,"[Soup,Steak,Pizza,Beer,Bread]",4,54.11,CreditCard,Yes,21,0.84,Neutral
O0124,U012,5,W008,1/2/2025 15:09,[Fries],1,14.11,Cash,No,40,0.13,Neutral
O0125,U049,10,W010,1/9/2025 0:01,"[Coke,Beer,Salad]",6,53.09,CreditCard,No,22,7.31,Satisfied
O0126,U011,3,W005,1/4/2025 2:55,[Juice],5,30.35,PayPal,No,60,0,Unsatisfied
O0127,U035,9,W003,1/4/2025 2:04,"[Salad,Pizza,Beer,Bread]",5,57.81,PayPal,Yes,54,1.23,Neutral
O0128,U039,3,W010,1/6/2025 2:07,"[Juice,Salad,Pasta]",4,50.71,CreditCard,Yes,29,1.74,Neutral
O0129,U015,9,W005,1/2/2025 22:47,"[Pasta,Coke,Steak]",4,106.98,Cash,No,28,9.07,Neutral
O0130,U009,2,W004,1/1/2025 10:21,"[Water,Fries,Salad,Wine]",5,139.02,PayPal,No,37,7.06,Neutral
O0131,U016,2,W008,1/5/2025 3:10,[Beer],2,23.02,Cash,No,17,1.41,Neutral
O0132,U006,10,W005,1/2/2025 14:52,"[Juice,Wine,Burger,Soup,Salad]",2,134.41,PayPal,Yes,41,0,Unsatisfied
O0133,U042,2,W003,1/3/2025 14:16,"[Salad,Wine]",4,48.7,PayPal,Yes,60,0,Unsatisfied
O0134,U039,9,W010,1/4/2025 20:08,"[Pizza,Beer,Wine,Burger]",5,106.33,Cash,Yes,9,0,Unsatisfied
O0135,U023,2,W010,1/7/2025 0:38,"[Pizza,Beer,Pasta,Juice]",6,63,CreditCard,No,49,0,Unsatisfied
O0136,U028,5,W009,1/2/2025 7:01,"[Beer,Juice]",3,34.23,Cash,No,20,0.21,Neutral
O0137,U015,3,W006,1/5/2025 1:42,"[Fries,Coke,Bread,Steak]",3,131.09,Cash,No,18,17.42,Satisfied
O0138,U038,9,W005,1/8/2025 14:38,[Salad],2,16.32,CreditCard,No,28,0.01,Neutral
O0139,U037,1,W008,1/6/2025 6:40,"[Fries,Salad,Pizza]",1,61.98,CreditCard,Yes,21,5.45,Satisfied
O0140,U040,1,W005,1/2/2025 19:22,"[Steak,Pizza,Pasta,Soup,Juice]",6,92.95,PayPal,Yes,34,0,Unsatisfied
O0141,U037,6,W009,1/9/2025 19:26,"[Coke,Water,Soup]",3,53.48,CreditCard,No,42,0,Unsatisfied
O0142,U027,3,W006,1/5/2025 11:25,"[Fries,Burger,Bread]",5,53.3,CreditCard,No,52,9.86,Satisfied
O0143,U043,5,W009,1/6/2025 16:59,"[Pasta,Beer,Water,Salad,Pizza]",6,126.54,CreditCard,Yes,9,20.49,Satisfied
O0144,U039,2,W007,1/8/2025 8:09,"[Juice,Bread,Soup,Steak,Pizza]",5,66.8,PayPal,Yes,50,4.28,Satisfied
O0145,U006,9,W004,1/10/2025 8:42,"[Water,Coke,Steak,Pasta]",2,88.13,PayPal,Yes,30,6.74,Satisfied
O0146,U040,8,W002,1/6/2025 9:18,"[Soup,Steak]",6,47.75,CreditCard,No,12,7.65,Satisfied
O0147,U049,9,W004,1/5/2025 6:42,"[Beer,Burger,Soup,Fries,Pasta]",4,125.07,CreditCard,No,16,16.42,Satisfied
O0148,U033,10,W004,1/4/2025 7:15,"[Burger,Beer,Soup]",6,54.6,PayPal,Yes,59,9.8,Satisfied
O0149,U012,2,W001,1/5/2025 21:03,"[Fries,Salad,Juice,Wine,Pizza]",1,98.65,PayPal,No,48,11.23,Satisfied
O0150,U038,8,W006,1/2/2025 20:36,[Bread],3,20.47,PayPal,No,55,0.96,Neutral
O0151,U017,5,W005,1/2/2025 6:45,"[Fries,Juice,Coke,Burger]",4,90.05,Cash,No,43,6.71,Neutral
O0152,U048,5,W007,1/4/2025 9:33,"[Fries,Water,Salad,Bread]",6,59.87,Cash,Yes,14,8,Satisfied
O0153,U022,7,W006,1/8/2025 0:58,"[Coke,Pizza,Steak,Water]",4,74.46,Cash,Yes,14,0,Unsatisfied
O0154,U013,5,W001,1/10/2025 0:39,"[Salad,Soup]",1,37.94,PayPal,Yes,53,0.52,Neutral
O0155,U027,8,W003,1/9/2025 17:25,[Steak],5,26.93,PayPal,Yes,54,0,Unsatisfied
O0156,U043,1,W001,1/6/2025 10:19,"[Coke,Fries]",5,34.17,PayPal,Yes,8,0,Unsatisfied
O0157,U011,10,W007,1/9/2025 6:36,"[Coke,Pizza,Juice,Beer]",6,122.52,Cash,Yes,29,7.39,Satisfied
O0158,U016,8,W005,1/4/2025 3:56,"[Coke,Bread,Water,Steak,Fries]",5,151.91,PayPal,No,11,17.41,Satisfied
O0159,U035,7,W005,1/9/2025 9:13,[Juice],2,29.46,CreditCard,Yes,30,4.05,Satisfied
O0160,U021,6,W006,1/2/2025 22:05,"[Juice,Fries,Pasta,Coke]",1,74.49,Cash,No,48,1.1,Neutral
O0161,U021,5,W003,1/9/2025 12:50,"[Soup,Coke,Salad,Fries]",5,115.27,PayPal,Yes,18,0,Unsatisfied
O0162,U010,8,W009,1/8/2025 3:59,"[Burger,Juice,Bread,Coke]",2,95.81,Cash,Yes,16,14.89,Satisfied
O0163,U017,5,W006,1/2/2025 22:31,"[Soup,Steak]",4,49.68,PayPal,No,17,0.02,Neutral
O0164,U012,2,W001,1/4/2025 9:19,[Pizza],5,22.46,PayPal,No,22,1.74,Neutral
O0165,U037,2,W004,1/9/2025 18:32,"[Bread,Juice,Soup,Steak]",1,81.33,CreditCard,No,5,4.66,Neutral
O0166,U010,6,W003,1/9/2025 11:15,"[Fries,Bread,Steak,Juice]",4,113.47,PayPal,No,22,10.95,Satisfied
O0167,U025,4,W001,1/10/2025 4:25,[Steak],1,17.42,Cash,Yes,55,1.17,Satisfied
O0168,U027,4,W007,1/2/2025 12:38,[Pizza],1,15.83,Cash,Yes,36,2.28,Satisfied
O0169,U045,5,W005,1/6/2025 18:37,"[Steak,Pizza,Wine,Beer,Coke]",6,71,PayPal,Yes,14,10.49,Satisfied
O0170,U012,5,W007,1/6/2025 4:53,"[Wine,Steak,Pasta]",6,41.9,CreditCard,Yes,29,0,Unsatisfied
O0171,U024,5,W010,1/1/2025 22:18,"[Bread,Water,Wine,Salad]",1,52.06,Cash,Yes,14,10.02,Satisfied
O0172,U046,4,W003,1/9/2025 18:28,[Burger],6,51.6,Cash,No,44,8.41,Satisfied
O0173,U036,6,W005,1/7/2025 17:39,"[Soup,Coke]",1,36.34,Cash,No,28,6.8,Satisfied
O0174,U040,9,W003,1/10/2025 5:47,"[Juice,Steak,Pizza,Burger]",1,67.29,CreditCard,No,25,1.03,Neutral
O0175,U011,2,W010,1/5/2025 0:22,"[Pasta,Juice,Fries,Wine,Coke]",1,63.8,PayPal,Yes,9,0,Unsatisfied
O0176,U014,4,W006,1/7/2025 1:40,"[Water,Wine,Burger,Pasta,Fries]",5,88.88,PayPal,No,7,5.91,Neutral
O0177,U009,10,W009,1/3/2025 21:18,"[Steak,Burger,Pasta,Bread,Beer]",2,97.23,PayPal,No,47,4.38,Neutral
O0178,U010,10,W006,1/9/2025 6:37,"[Bread,Steak,Burger,Coke]",2,80.3,PayPal,Yes,47,10.98,Satisfied
O0179,U031,2,W008,1/6/2025 10:42,"[Bread,Pasta,Pizza,Wine,Coke]",6,94.13,PayPal,No,44,14.89,Satisfied
O0180,U025,3,W008,1/5/2025 12:21,"[Coke,Pizza,Burger]",3,91.85,CreditCard,Yes,15,0,Unsatisfied
O0181,U005,10,W007,1/8/2025 23:49,"[Beer,Steak]",3,36.55,Cash,Yes,56,6.33,Satisfied
O0182,U015,3,W001,1/9/2025 19:15,"[Soup,Juice,Burger]",6,70.9,Cash,Yes,9,5.95,Satisfied
O0183,U030,5,W006,1/5/2025 20:15,"[Fries,Water,Beer,Burger]",6,108.15,CreditCard,Yes,45,0,Unsatisfied
O0184,U029,10,W005,1/8/2025 4:55,[Salad],5,34.95,CreditCard,No,21,0,Unsatisfied
O0185,U031,6,W005,1/5/2025 19:03,[Beer],6,34.8,Cash,No,23,3.28,Neutral
O0186,U003,3,W001,1/6/2025 5:57,"[Wine,Coke,Soup]",2,82.57,PayPal,No,29,4.58,Neutral
O0187,U044,8,W004,1/7/2025 9:11,"[Pasta,Coke,Bread,Juice,Pizza]",4,89.84,PayPal,Yes,44,0,Unsatisfied
O0188,U010,9,W008,1/8/2025 4:17,"[Water,Steak,Bread,Wine]",3,118.2,PayPal,No,31,0,Unsatisfied
O0189,U019,7,W003,1/1/2025 20:39,"[Bread,Salad,Wine]",2,62.46,Cash,No,38,0,Unsatisfied
O0190,U001,8,W001,1/4/2025 9:57,"[Coke,Juice,Pizza,Salad,Burger]",5,168.41,PayPal,No,42,15.49,Satisfied
O0191,U033,5,W006,1/3/2025 5:10,"[Bread,Wine]",3,66.03,Cash,No,22,0.61,Neutral
O0192,U021,10,W002,1/2/2025 16:11,"[Wine,Water,Pasta,Juice,Beer]",5,94.84,Cash,Yes,40,6,Neutral
O0193,U039,4,W010,1/3/2025 9:42,"[Bread,Wine,Fries,Pizza,Soup]",4,115.79,CreditCard,Yes,11,0,Unsatisfied
O0194,U024,5,W006,1/6/2025 18:33,"[Beer,Fries,Juice,Pasta,Water]",5,115.88,Cash,No,17,14.02,Satisfied
O0195,U007,10,W004,1/7/2025 4:04,"[Soup,Pizza,Pasta]",1,34.44,Cash,Yes,8,0.47,Neutral
O0196,U040,2,W003,1/6/2025 2:38,"[Burger,Coke,Soup,Bread,Steak]",6,115.91,PayPal,Yes,42,0,Unsatisfied
O0197,U006,3,W005,1/8/2025 13:54,"[Soup,Beer,Pizza,Water,Wine]",6,81.55,Cash,Yes,13,10.36,Satisfied
O0198,U007,2,W010,1/8/2025 21:22,[Wine],4,34.7,PayPal,No,14,0,Unsatisfied
O0199,U006,8,W002,1/3/2025 1:15,"[Steak,Beer]",1,38.14,Cash,No,16,0,Unsatisfied
O0200,U001,4,W001,1/7/2025 8:38,"[Burger,Coke,Pizza]",5,96.48,CreditCard,Yes,42,0,Unsatisfied
O0201,U004,8,W002,1/3/2025 2:08,"[Pasta,Coke,Bread]",2,65.9,PayPal,No,53,7.65,Satisfied
O0202,U002,1,W004,1/6/2025 20:00,"[Pizza,Water,Steak,Soup]",4,95.04,CreditCard,Yes,55,0,Unsatisfied
O0203,U036,3,W002,1/3/2025 13:41,"[Water,Wine]",3,58.88,CreditCard,No,34,5.2,Satisfied
O0204,U012,5,W009,1/8/2025 2:09,"[Soup,Wine,Salad]",6,57.62,Cash,No,43,0,Unsatisfied
O0205,U050,1,W007,1/8/2025 12:59,"[Juice,Coke,Water,Salad,Pasta]",3,115.48,Cash,No,26,7.55,Satisfied
O0206,U004,9,W007,1/9/2025 2:43,[Fries],2,23.66,CreditCard,No,46,1.35,Neutral
O0207,U039,4,W009,1/9/2025 11:17,"[Juice,Pasta,Pizza,Burger]",6,109.85,PayPal,Yes,18,0,Unsatisfied
O0208,U036,6,W005,1/4/2025 17:36,"[Steak,Coke,Juice]",3,95.8,Cash,No,53,5.36,Neutral
O0209,U019,10,W001,1/2/2025 15:43,"[Fries,Pizza,Pasta,Salad]",3,61.35,PayPal,No,48,6.11,Neutral
O0210,U017,5,W004,1/7/2025 8:01,"[Fries,Steak]",3,33.89,CreditCard,Yes,34,0,Unsatisfied
O0211,U046,9,W009,1/5/2025 22:46,"[Pasta,Salad,Burger,Soup,Fries]",6,112.43,PayPal,No,48,13.27,Satisfied
O0212,U043,3,W008,1/6/2025 4:53,"[Beer,Salad]",3,47.73,PayPal,No,20,7.9,Satisfied
O0213,U019,6,W005,1/4/2025 15:40,"[Steak,Beer,Fries]",4,52.26,PayPal,Yes,30,0,Unsatisfied
O0214,U014,3,W007,1/7/2025 13:41,"[Pasta,Coke,Fries,Pizza,Beer]",2,94.26,PayPal,Yes,39,0,Unsatisfied
O0215,U022,2,W002,1/7/2025 11:43,"[Juice,Soup,Burger]",1,35.37,PayPal,Yes,55,4.13,Satisfied
O0216,U026,9,W007,1/3/2025 16:56,"[Soup,Bread,Salad,Burger,Coke]",5,66.24,CreditCard,No,23,4.18,Satisfied
O0217,U043,1,W007,1/5/2025 0:06,[Juice],2,32.76,PayPal,No,5,4.04,Satisfied
O0218,U007,9,W008,1/1/2025 17:57,"[Water,Soup,Beer,Pasta,Salad]",5,137.84,PayPal,Yes,55,5.72,Neutral
O0219,U015,1,W007,1/5/2025 8:01,"[Pizza,Bread,Burger,Steak]",3,66.96,CreditCard,No,60,6.58,Satisfied
O0220,U020,8,W007,1/6/2025 11:23,"[Bread,Pasta,Salad]",6,89.83,PayPal,No,49,0,Unsatisfied
O0221,U045,8,W010,1/6/2025 7:59,"[Water,Beer,Wine,Soup]",6,116.99,PayPal,No,15,8,Neutral
O0222,U001,10,W006,1/3/2025 18:58,[Wine],4,17.17,Cash,Yes,24,1.52,Neutral
O0223,U050,2,W010,1/1/2025 13:19,"[Beer,Pasta]",3,53.52,PayPal,No,14,0,Unsatisfied
O0224,U038,10,W010,1/7/2025 0:52,"[Salad,Bread,Wine,Coke]",5,45.54,CreditCard,Yes,31,2.96,Satisfied
O0225,U041,9,W006,1/8/2025 15:36,"[Pizza,Wine,Bread,Fries]",1,117.36,CreditCard,No,31,10.17,Neutral
O0226,U044,10,W009,1/9/2025 12:01,"[Soup,Pizza,Burger,Juice,Steak]",3,127.61,PayPal,Yes,50,0,Unsatisfied
O0227,U041,3,W007,1/9/2025 5:08,[Bread],4,37.29,PayPal,Yes,44,0,Unsatisfied
O0228,U005,2,W006,1/9/2025 6:59,[Burger],2,21.98,Cash,No,43,0,Unsatisfied
O0229,U017,10,W004,1/5/2025 7:15,"[Juice,Water,Beer]",6,39.48,PayPal,Yes,59,0,Unsatisfied
O0230,U047,6,W002,1/7/2025 1:43,"[Pizza,Wine]",3,44.77,PayPal,Yes,56,0.6,Neutral
O0231,U018,2,W010,1/8/2025 10:44,"[Water,Bread,Soup,Burger,Coke]",5,105.25,PayPal,Yes,34,12.79,Satisfied
O0232,U046,1,W003,1/10/2025 10:21,"[Fries,Bread,Coke]",4,75.04,Cash,No,21,0,Unsatisfied
O0233,U019,10,W003,1/6/2025 19:04,[Steak],3,32.36,Cash,No,51,5.93,Satisfied
O0234,U044,7,W009,1/4/2025 14:59,"[Salad,Bread,Coke]",6,60.81,Cash,Yes,54,0,Unsatisfied
O0235,U050,3,W006,1/8/2025 20:31,"[Bread,Steak,Pasta]",4,80.94,CreditCard,No,54,0,Unsatisfied
O0236,U031,9,W009,1/5/2025 20:15,"[Salad,Beer,Wine,Juice,Pasta]",6,81.83,CreditCard,Yes,40,0,Unsatisfied
O0237,U042,1,W002,1/2/2025 1:50,"[Steak,Salad,Pizza,Juice,Wine]",1,71.7,CreditCard,Yes,50,6.42,Satisfied
O0238,U037,8,W007,1/3/2025 18:48,"[Wine,Steak,Coke,Beer]",4,103.63,CreditCard,Yes,54,0,Unsatisfied
O0239,U026,2,W010,1/8/2025 22:06,"[Pasta,Pizza,Water,Fries,Beer]",4,108,Cash,Yes,18,18.59,Satisfied
O0240,U040,5,W006,1/2/2025 12:56,"[Pasta,Fries]",3,62.13,CreditCard,Yes,47,5.14,Satisfied
O0241,U012,7,W001,1/9/2025 1:17,"[Pizza,Fries]",4,32.33,CreditCard,Yes,,4.36,Satisfied
O0242,U018,9,W002,1/4/2025 17:41,[Steak],6,38.87,Cash,Yes,27,0,Unsatisfied
O0243,U045,3,W001,1/6/2025 7:04,"[Juice,Water,Salad,Burger,Pasta]",3,90.77,PayPal,No,17,3.71,Neutral
O0244,U027,10,W009,1/2/2025 5:18,"[Beer,Coke,Soup,Fries]",3,74.11,Cash,Yes,33,8.77,Satisfied
O0245,U026,1,W010,1/5/2025 4:20,"[Pizza,Coke,Salad,Steak,Water]",3,69.09,CreditCard,No,50,7.11,Satisfied
O0246,U044,5,W006,1/5/2025 0:49,"[Steak,Wine,Water]",3,55.93,Cash,Yes,48,0,Unsatisfied
O0247,U026,2,W003,1/3/2025 10:10,"[Pizza,Coke,Steak,Water]",3,105.97,CreditCard,Yes,12,0,Unsatisfied
O0248,U028,7,W002,1/10/2025 5:29,[Water],2,29.75,Cash,No,60,0,Unsatisfied
O0249,U017,2,W005,1/8/2025 10:08,[Water],4,37.13,PayPal,No,24,3.18,Neutral
O0250,U050,4,W003,1/9/2025 6:05,"[Pizza,Steak,Coke,Water,Bread]",5,77.87,CreditCard,No,,0,Unsatisfied
O0251,U010,10,W002,1/3/2025 6:23,"[Soup,Pasta,Bread,Fries]",4,102.59,Cash,No,53,0,Unsatisfied
O0252,U045,2,W004,1/3/2025 5:34,"[Coke,Bread]",6,47.16,CreditCard,Yes,7,1.93,Neutral
O0253,U013,7,W001,1/4/2025 19:17,"[Fries,Beer]",6,45.98,CreditCard,Yes,33,6.74,Satisfied
O0254,U010,1,W004,1/8/2025 23:25,"[Fries,Steak]",6,36.92,Cash,Yes,19,3.2,Neutral
O0255,U027,5,W010,1/5/2025 1:50,[Beer],4,40.62,Cash,No,33,0,Unsatisfied
O0256,U035,9,W010,1/4/2025 0:36,"[Bread,Burger,Water,Beer]",5,105.48,PayPal,No,18,10.59,Satisfied
O0257,U019,4,W001,1/8/2025 23:54,[Coke],2,31.19,Cash,No,8,0,Unsatisfied
O0258,U020,1,W004,1/7/2025 21:11,"[Pizza,Bread]",5,41.37,CreditCard,Yes,41,2.7,Neutral
O0259,U020,5,W006,1/7/2025 5:04,"[Soup,Bread,Pizza,Burger]",6,133.92,CreditCard,No,37,0,Unsatisfied
O0260,U023,10,W005,1/9/2025 20:10,"[Burger,Steak,Soup,Bread]",5,89.47,Cash,No,17,7.24,Neutral
O0261,U040,8,W010,1/7/2025 14:49,"[Salad,Beer]",1,43.5,CreditCard,Yes,,1.51,Neutral
O0262,U036,10,W001,1/3/2025 16:10,"[Beer,Wine,Pizza,Juice,Pasta]",3,49.21,Cash,Yes,42,0,Unsatisfied
O0263,U015,7,W009,1/7/2025 8:23,[Bread],2,29.4,CreditCard,No,56,0,Unsatisfied
O0264,U040,6,W005,1/1/2025 10:27,[Wine],2,21.39,PayPal,No,25,1.39,Neutral
O0265,U009,1,W010,1/9/2025 18:42,"[Fries,Pasta]",2,40.11,PayPal,No,55,0,Unsatisfied
O0266,U032,10,W010,1/6/2025 23:49,"[Salad,Steak,Soup,Burger]",5,89.54,Cash,Yes,11,8.19,Neutral
O0267,U047,2,W009,1/8/2025 21:58,"[Steak,Fries,Coke,Bread]",4,95.75,Cash,No,17,0,Unsatisfied
O0268,U036,8,W009,1/6/2025 19:18,"[Wine,Pasta]",5,48.44,PayPal,No,18,0.48,Neutral
O0269,U021,4,W009,1/3/2025 3:26,"[Steak,Beer,Juice,Bread,Pizza]",6,82.22,CreditCard,Yes,35,13.02,Satisfied
O0270,U019,5,W003,1/2/2025 16:31,"[Pizza,Water,Beer]",5,70.78,CreditCard,Yes,6,0,Unsatisfied
O0271,U034,6,W001,1/7/2025 18:48,"[Wine,Bread,Water]",5,95.42,CreditCard,No,50,0,Unsatisfied
O0272,U008,1,W006,1/2/2025 6:54,"[Burger,Wine,Coke,Steak]",3,120.8,PayPal,No,27,8.74,Satisfied
O0273,U050,6,W003,1/9/2025 8:24,"[Pasta,Water,Wine]",1,58.62,Cash,Yes,47,5.55,Satisfied
O0274,U013,6,W007,1/10/2025 5:17,"[Coke,Salad,Fries]",1,44.99,CreditCard,No,34,3.29,Neutral
O0275,U023,5,W006,1/3/2025 10:06,[Pasta],1,21.65,Cash,No,26,0,Unsatisfied
O0276,U048,4,W008,1/4/2025 12:54,"[Coke,Fries,Water]",3,80.99,PayPal,No,52,6.94,Neutral
O0277,U039,5,W005,1/8/2025 15:11,"[Water,Fries]",6,40.99,Cash,Yes,,4.04,Neutral
O0278,U044,1,W008,1/10/2025 17:28,"[Steak,Fries]",6,62.23,CreditCard,No,56,5.9,Neutral
O0279,U007,8,W010,1/4/2025 14:43,"[Water,Bread]",2,21.14,PayPal,Yes,31,3.59,Satisfied
O0280,U046,10,W004,1/3/2025 18:24,[Burger],4,29.8,CreditCard,Yes,50,0.81,Neutral
O0281,U049,9,W002,1/5/2025 8:09,[Water],5,21.82,CreditCard,Yes,9,2.11,Satisfied
O0282,U018,8,W010,1/7/2025 11:41,"[Coke,Juice]",4,54.73,Cash,Yes,51,2.64,Neutral
O0283,U027,3,W001,1/9/2025 16:46,"[Soup,Wine,Beer,Coke,Bread]",4,81.03,CreditCard,No,17,2.68,Neutral
O0284,U013,6,W002,1/4/2025 0:11,"[Wine,Pizza,Fries]",1,44.44,CreditCard,No,17,0,Unsatisfied
O0285,U043,10,W007,1/8/2025 2:38,"[Wine,Salad,Juice]",4,70.03,Cash,Yes,40,0,Unsatisfied
O0286,U011,1,W005,1/7/2025 0:27,[Bread],2,24.64,Cash,Yes,39,4.88,Satisfied
O0287,U028,4,W007,1/2/2025 6:50,"[Beer,Burger,Fries,Wine]",2,124.27,PayPal,No,14,1.48,Neutral
O0288,U040,3,W007,1/2/2025 15:17,"[Water,Pasta,Beer]",2,77.9,PayPal,No,36,11.76,Satisfied
O0289,U046,1,W004,1/7/2025 21:08,"[Steak,Pasta,Coke,Pizza]",5,92.52,Cash,Yes,32,12.11,Satisfied
O0290,U003,7,W002,1/8/2025 16:08,[Beer],2,14.71,Cash,Yes,24,0.74,Satisfied
O0291,U038,9,W004,1/6/2025 12:01,"[Pizza,Water]",5,40.13,PayPal,Yes,36,0.67,Neutral
O0292,U001,2,W008,1/4/2025 12:30,"[Beer,Bread,Coke,Burger]",1,48.33,PayPal,No,27,0,Unsatisfied
O0293,U029,6,W003,1/7/2025 16:13,"[Juice,Coke,Pasta,Salad,Fries]",3,131.08,Cash,No,33,8.94,Satisfied
O0294,U019,5,W002,1/9/2025 14:56,"[Salad,Wine,Bread,Burger,Steak]",3,74.42,CreditCard,No,59,0,Unsatisfied
O0295,U002,8,W001,1/10/2025 0:27,"[Pizza,Salad,Juice,Soup,Beer]",4,122.29,CreditCard,No,23,21.29,Satisfied
O0296,U008,2,W006,1/6/2025 1:59,"[Soup,Salad]",2,35.53,CreditCard,Yes,25,4.46,Satisfied
O0297,U031,2,W007,1/6/2025 21:14,"[Soup,Coke,Salad,Wine]",3,113.78,PayPal,No,15,0,Unsatisfied
O0298,U041,4,W001,1/1/2025 18:58,"[Burger,Wine,Steak]",4,66.86,CreditCard,Yes,30,4.94,Neutral
O0299,U006,1,W001,1/5/2025 3:45,"[Pizza,Steak]",1,33.57,CreditCard,Yes,21,0,Unsatisfied
O0300,U015,1,W010,1/6/2025 4:43,[Burger],6,30.95,PayPal,No,28,4.29,Satisfied
O0301,U022,9,W001,1/7/2025 13:07,"[Soup,Juice,Coke,Bread]",1,70.99,PayPal,Yes,50,10.93,Satisfied
O0302,U001,6,W010,1/9/2025 4:00,"[Beer,Pasta,Coke,Salad,Juice]",4,134.98,Cash,Yes,,14.02,Satisfied
O0303,U031,1,W008,1/1/2025 11:53,"[Salad,Wine,Coke,Steak,Fries]",3,65.12,Cash,No,9,4.37,Neutral
O0304,U001,3,W009,1/10/2025 3:22,"[Beer,Soup]",4,53.18,CreditCard,No,32,9.76,Satisfied
O0305,U048,10,W006,1/7/2025 10:35,"[Salad,Fries,Water,Bread]",2,109.14,PayPal,Yes,58,16.71,Satisfied
O0306,U047,10,W005,1/8/2025 0:49,"[Burger,Beer,Pasta,Wine]",1,103.5,CreditCard,Yes,47,9.89,Neutral
O0307,U009,5,W007,1/9/2025 23:02,"[Pizza,Beer,Salad,Steak,Water]",6,96.19,PayPal,Yes,22,9.67,Satisfied
O0308,U049,8,W001,1/5/2025 0:50,"[Soup,Bread]",6,53.91,CreditCard,No,33,5.09,Neutral
O0309,U007,6,W009,1/7/2025 5:02,"[Burger,Coke,Pizza,Steak]",4,81.06,PayPal,No,35,5.03,Neutral
O0310,U029,5,W004,1/6/2025 16:59,[Salad],3,31.57,CreditCard,No,40,2.63,Neutral
O0311,U005,6,W007,1/7/2025 3:26,"[Pizza,Coke,Pasta]",5,54.29,PayPal,No,35,9.3,Satisfied
O0312,U003,5,W001,1/5/2025 20:04,"[Soup,Juice,Beer]",4,57.3,CreditCard,No,57,4.06,Neutral
O0313,U035,4,W008,1/7/2025 23:35,"[Water,Beer,Salad]",2,59.95,PayPal,No,7,5.02,Neutral
O0314,U013,10,W005,1/5/2025 3:16,"[Juice,Coke,Wine,Soup,Water]",4,117.77,PayPal,No,11,4.92,Neutral
O0315,U010,9,W006,1/1/2025 12:18,[Pasta],5,31.71,Cash,Yes,6,2,Satisfied
O0316,U044,3,W004,1/6/2025 21:26,"[Fries,Soup]",2,25,Cash,Yes,48,0,Unsatisfied
O0317,U026,7,W006,1/6/2025 10:12,"[Water,Soup,Wine]",5,86.26,CreditCard,No,39,0,Unsatisfied
O0318,U040,8,W006,1/6/2025 6:19,"[Steak,Wine,Pasta,Pizza,Beer]",6,81.9,Cash,Yes,7,11.27,Satisfied
O0319,U019,8,W008,1/3/2025 3:15,"[Steak,Pizza,Coke]",5,96.08,CreditCard,No,13,7.94,Satisfied
O0320,U011,4,W010,1/6/2025 0:08,"[Burger,Wine,Coke,Water,Pasta]",3,80.92,Cash,No,16,5.09,Neutral
O0321,U043,3,W004,1/2/2025 12:38,[Pasta],3,27.08,CreditCard,Yes,45,1.64,Neutral
O0322,U018,10,W002,1/9/2025 23:45,"[Steak,Coke,Pizza,Juice,Water]",4,63.48,CreditCard,Yes,36,3.14,Neutral
O0323,U007,3,W003,1/10/2025 1:58,"[Beer,Bread,Coke,Fries]",4,120.64,PayPal,No,39,19.78,Satisfied
O0324,U017,5,W005,1/1/2025 14:12,"[Pizza,Beer,Burger,Fries,Salad]",4,94.47,PayPal,Yes,27,18.11,Satisfied
O0325,U018,7,W009,1/8/2025 6:20,"[Steak,Pasta,Water,Wine]",5,98.83,CreditCard,Yes,31,3.64,Neutral
O0326,U027,8,W006,1/1/2025 13:30,"[Coke,Wine,Beer]",4,61.99,CreditCard,No,16,6.07,Satisfied
O0327,U037,10,W001,1/8/2025 23:47,"[Beer,Juice,Bread]",5,79.24,PayPal,No,38,1.52,Neutral
O0328,U032,2,W005,1/4/2025 16:32,"[Fries,Steak,Salad]",6,48.43,Cash,Yes,49,0,Unsatisfied
O0329,U038,5,W005,1/6/2025 3:50,"[Fries,Coke]",3,60.61,Cash,Yes,11,0,Unsatisfied
O0330,U016,1,W010,1/7/2025 12:07,"[Soup,Salad]",4,73.15,CreditCard,No,54,0,Unsatisfied
O0331,U034,7,W008,1/5/2025 17:39,"[Steak,Soup,Wine,Pasta,Salad]",5,129.57,Cash,Yes,32,0,Unsatisfied
O0332,U042,2,W009,1/2/2025 14:31,"[Water,Bread,Soup,Pizza,Burger]",1,68.97,Cash,No,41,3.88,Neutral
O0333,U021,1,W006,1/6/2025 8:09,[Bread],6,35.37,Cash,No,24,0,Unsatisfied
O0334,U026,10,W002,1/6/2025 12:42,"[Steak,Bread]",2,37.32,Cash,Yes,57,5.88,Satisfied
O0335,U044,1,W010,1/2/2025 2:44,"[Salad,Fries,Bread,Soup,Juice]",1,118.73,CreditCard,No,12,12.32,Satisfied
O0336,U017,9,W003,1/10/2025 17:44,"[Pasta,Wine,Burger,Pizza]",2,80.07,PayPal,Yes,43,0,Unsatisfied
O0337,U033,8,W007,1/6/2025 8:56,[Steak],2,27.84,Cash,Yes,30,3.16,Satisfied
O0338,U034,9,W010,1/2/2025 16:51,"[Pasta,Soup,Water,Steak,Wine]",3,149.83,CreditCard,No,17,9.21,Neutral
O0339,U024,5,W007,1/6/2025 21:28,"[Pizza,Water,Coke,Wine,Salad]",1,89.77,PayPal,No,18,8.78,Neutral
O0340,U021,6,W010,1/3/2025 10:21,"[Juice,Coke,Beer,Pasta,Soup]",4,71.09,CreditCard,Yes,47,9.09,Satisfied
O0341,U031,9,W008,1/6/2025 17:07,"[Steak,Wine,Burger]",1,31.29,Cash,Yes,38,0,Unsatisfied
O0342,U015,5,W010,1/10/2025 18:06,"[Coke,Salad,Beer,Wine]",4,55.74,CreditCard,Yes,,4.14,Neutral
O0343,U015,5,W003,1/10/2025 2:30,"[Pizza,Burger,Steak,Wine]",2,96.72,Cash,Yes,24,0,Unsatisfied
O0344,U012,9,W010,1/4/2025 3:09,"[Salad,Coke,Pasta,Soup]",3,48.63,CreditCard,Yes,15,9.39,Satisfied
O0345,U027,7,W008,1/2/2025 3:44,"[Wine,Steak]",1,24.65,CreditCard,Yes,52,0,Unsatisfied
O0346,U030,6,W009,1/10/2025 15:13,"[Salad,Juice,Coke,Water,Burger]",4,112.48,Cash,Yes,34,13.39,Satisfied
O0347,U029,4,W002,1/10/2025 6:48,"[Soup,Bread]",3,38.63,Cash,Yes,54,0,Unsatisfied
O0348,U020,1,W001,1/10/2025 6:06,[Steak],3,24.95,CreditCard,No,46,4.1,Satisfied
O0349,U035,7,W002,1/4/2025 17:41,"[Beer,Juice,Fries]",6,81.18,Cash,No,8,1.8,Neutral
O0350,U034,10,W002,1/7/2025 8:50,[Soup],6,34.08,CreditCard,Yes,53,3.39,Satisfied
O0351,U024,3,W004,1/2/2025 18:45,"[Water,Pizza,Juice]",3,80.54,Cash,No,7,0,Unsatisfied
O0352,U049,5,W010,1/5/2025 2:06,"[Wine,Bread,Burger,Beer,Steak]",1,55.99,Cash,Yes,46,4.79,Neutral
O0353,U047,1,W003,1/2/2025 7:15,"[Burger,Wine,Bread]",4,62.84,PayPal,Yes,51,5.83,Neutral
O0354,U009,7,W004,1/10/2025 3:00,"[Fries,Juice]",6,53.36,CreditCard,Yes,41,4.71,Neutral
O0355,U045,9,W002,1/7/2025 15:41,"[Steak,Bread,Water,Pasta]",5,59.8,PayPal,Yes,27,9.46,Satisfied
O0356,U033,8,W008,1/6/2025 15:03,"[Burger,Fries,Coke]",2,79.02,PayPal,Yes,35,12.59,Satisfied
O0357,U036,10,W009,1/4/2025 13:44,[Water],3,30.43,CreditCard,No,59,0,Unsatisfied
O0358,U033,7,W010,1/10/2025 14:40,"[Soup,Coke,Salad,Pasta]",6,119.67,PayPal,Yes,40,8.5,Satisfied
O0359,U023,3,W002,1/5/2025 13:08,[Fries],3,20.2,CreditCard,Yes,25,0,Unsatisfied
O0360,U010,8,W010,1/2/2025 21:40,"[Soup,Juice]",3,58.29,PayPal,Yes,43,1.28,Neutral
O0361,U010,7,W006,1/5/2025 18:46,"[Coke,Wine,Bread]",4,84.45,CreditCard,No,22,0,Unsatisfied
O0362,U044,5,W001,1/4/2025 20:27,"[Water,Beer,Pizza]",4,88.07,PayPal,Yes,24,2.02,Neutral
O0363,U008,10,W003,1/5/2025 3:51,"[Soup,Water,Bread]",5,75.15,Cash,No,11,9.28,Satisfied
O0364,U020,7,W007,1/9/2025 17:10,[Steak],1,19.21,CreditCard,Yes,40,0.1,Neutral
O0365,U012,8,W001,1/6/2025 15:33,[Coke],2,18.61,CreditCard,No,9,2,Satisfied
O0366,U002,5,W003,1/3/2025 12:26,"[Steak,Burger]",4,31.65,Cash,Yes,60,1.94,Neutral
O0367,U045,6,W003,1/7/2025 0:17,"[Bread,Soup]",6,33,CreditCard,Yes,59,3.96,Satisfied
O0368,U050,6,W007,1/8/2025 13:40,"[Pasta,Coke,Burger,Bread,Steak]",3,154.82,CreditCard,No,34,0,Unsatisfied
O0369,U008,10,W007,1/3/2025 14:41,[Pasta],1,18.18,PayPal,No,55,0.82,Neutral
O0370,U001,5,W009,1/9/2025 10:11,"[Pasta,Wine,Bread,Juice,Beer]",2,57.98,CreditCard,No,,0,Unsatisfied
O0371,U015,3,W007,1/1/2025 12:01,"[Fries,Juice,Pizza,Coke]",5,86.33,CreditCard,No,57,0,Unsatisfied
O0372,U050,7,W003,1/2/2025 17:35,"[Beer,Burger,Juice,Pasta]",5,59.01,CreditCard,Yes,40,3.23,Neutral
O0373,U035,5,W005,1/10/2025 14:54,"[Water,Soup,Fries]",6,66.36,CreditCard,No,38,0.76,Neutral
O0374,U012,9,W002,1/1/2025 20:11,"[Salad,Beer]",5,40.87,PayPal,Yes,37,3.64,Neutral
O0375,U022,8,W001,1/6/2025 2:53,[Soup],6,24.68,PayPal,Yes,41,4.05,Satisfied
O0376,U022,2,W008,1/6/2025 14:31,"[Juice,Steak,Burger]",5,51.66,PayPal,No,11,3.4,Neutral
O0377,U014,9,W006,1/10/2025 6:16,[Steak],4,20.52,CreditCard,Yes,58,1.74,Satisfied
O0378,U036,7,W006,1/2/2025 6:36,"[Burger,Salad,Juice,Bread]",6,72.54,Cash,Yes,55,4.03,Satisfied
O0379,U045,5,W002,1/5/2025 16:41,"[Coke,Fries]",6,64.12,PayPal,No,20,2.36,Neutral
O0380,U026,8,W001,1/5/2025 2:44,"[Fries,Salad,Beer]",1,46.64,CreditCard,Yes,55,0,Unsatisfied
O0381,U041,5,W003,1/6/2025 22:41,"[Bread,Fries]",2,22.16,Cash,Yes,25,0,Unsatisfied
O0382,U004,1,W007,1/10/2025 14:14,"[Soup,Coke,Salad,Wine,Pasta]",1,83.23,PayPal,No,28,11.27,Satisfied
O0383,U039,2,W008,1/8/2025 4:29,"[Fries,Beer,Soup]",3,82.94,PayPal,No,18,0,Unsatisfied
O0384,U037,3,W001,1/9/2025 17:00,"[Pasta,Coke,Steak,Beer,Pizza]",2,132.35,Cash,No,,12.07,Neutral
O0385,U025,9,W008,1/2/2025 3:13,"[Salad,Juice,Beer,Pasta,Water]",5,128.21,PayPal,Yes,35,11.69,Neutral
O0386,U021,8,W001,1/8/2025 6:08,"[Pizza,Coke,Salad]",1,60.91,PayPal,Yes,37,3.53,Neutral
O0387,U035,3,W010,1/5/2025 22:01,"[Pasta,Salad,Burger,Juice]",3,114.43,CreditCard,No,43,9.85,Neutral
O0388,U017,8,W004,1/6/2025 23:04,"[Wine,Soup,Beer,Salad,Juice]",2,56.19,PayPal,Yes,40,4.8,Neutral
O0389,U026,9,W001,1/9/2025 14:19,"[Juice,Pizza,Burger]",2,88.19,PayPal,Yes,18,0,Unsatisfied
O0390,U014,1,W001,1/1/2025 19:11,"[Coke,Pasta,Bread,Fries]",2,73.6,Cash,No,45,7.75,Satisfied
O0391,U032,7,W003,1/10/2025 15:44,"[Juice,Water,Pasta]",4,47.56,CreditCard,Yes,19,1.55,Neutral
O0392,U013,5,W004,1/7/2025 18:01,"[Water,Pasta,Beer]",4,74.95,PayPal,Yes,31,9.09,Satisfied
O0393,U033,1,W005,1/3/2025 22:14,[Wine],4,39.08,Cash,Yes,40,1.34,Neutral
O0394,U046,9,W002,1/9/2025 17:54,"[Steak,Pasta,Soup]",2,61.49,CreditCard,Yes,44,0,Unsatisfied
O0395,U013,10,W001,1/9/2025 15:07,"[Burger,Salad,Fries,Steak]",5,68.59,PayPal,Yes,12,0,Unsatisfied
O0396,U007,9,W004,1/2/2025 19:28,"[Water,Coke]",5,52.71,PayPal,Yes,49,2.02,Neutral
O0397,U015,6,W002,1/9/2025 11:58,"[Steak,Soup]",4,38.93,CreditCard,No,57,2.52,Satisfied
O0398,U004,2,W007,1/3/2025 15:10,"[Bread,Beer,Water]",3,44.15,Cash,No,31,2.63,Satisfied
O0399,U014,8,W005,1/3/2025 22:52,"[Pizza,Salad,Steak]",6,47.55,CreditCard,Yes,19,0,Unsatisfied
O0400,U007,7,W003,1/2/2025 14:46,[Pizza],6,24.19,PayPal,No,23,2.28,Neutral
O0401,U011,1,W005,1/9/2025 12:00,"[Pasta,Beer]",2,33.6,Cash,No,24,5.35,Satisfied
O0402,U039,3,W003,1/8/2025 22:21,"[Steak,Burger,Soup]",6,82.35,CreditCard,Yes,17,0,Unsatisfied
O0403,U050,5,W003,1/9/2025 10:04,"[Salad,Steak,Juice]",6,37.38,CreditCard,Yes,17,2.52,Neutral
O0404,U014,1,W005,1/1/2025 17:02,"[Water,Fries]",1,44.76,CreditCard,No,48,1.27,Neutral
O0405,U037,5,W002,1/4/2025 17:44,"[Salad,Beer,Juice]",2,89.2,CreditCard,No,20,8.82,Neutral
O0406,U040,6,W006,1/2/2025 22:25,"[Fries,Burger,Wine]",5,90.96,PayPal,No,49,8.36,Neutral
O0407,U043,10,W004,1/6/2025 5:00,[Water],1,18.59,PayPal,Yes,6,1.44,Satisfied
O0408,U017,5,W001,1/4/2025 15:15,"[Bread,Water,Fries,Juice]",4,84.83,PayPal,Yes,56,14.2,Satisfied
O0409,U005,6,W001,1/1/2025 16:37,"[Beer,Pizza,Salad,Burger]",2,80.88,PayPal,No,20,10.43,Satisfied
O0410,U025,6,W005,1/10/2025 11:13,"[Pizza,Burger,Salad,Coke,Water]",6,84.5,Cash,No,20,4.82,Satisfied
O0411,U035,5,W001,1/5/2025 19:04,"[Pasta,Bread,Pizza,Water]",2,118.42,CreditCard,No,42,0,Unsatisfied
O0412,U017,7,W009,1/6/2025 21:00,"[Steak,Burger]",6,55.84,PayPal,Yes,5,0,Unsatisfied
O0413,U027,1,W009,1/7/2025 6:13,"[Coke,Water]",2,54.06,PayPal,No,6,0,Unsatisfied
O0414,U014,8,W001,1/2/2025 22:15,[Pasta],1,24.1,PayPal,Yes,16,0.54,Neutral
O0415,U043,5,W005,1/4/2025 10:59,"[Juice,Soup]",1,24.6,CreditCard,Yes,37,0,Unsatisfied
O0416,U043,5,W004,1/2/2025 19:16,[Water],4,31.95,PayPal,Yes,45,1.78,Satisfied
O0417,U019,8,W008,1/4/2025 19:50,"[Water,Soup,Fries,Pizza]",6,128.84,CreditCard,No,10,0,Unsatisfied
O0418,U020,2,W003,1/7/2025 17:52,[Water],6,51.62,CreditCard,No,32,7.6,Satisfied
O0419,U013,4,W009,1/10/2025 18:40,"[Water,Salad,Fries]",4,51.66,CreditCard,No,6,0.96,Neutral
O0420,U008,5,W006,1/1/2025 20:19,"[Beer,Steak,Salad,Water]",1,82.82,Cash,Yes,29,0,Unsatisfied
O0421,U010,10,W009,1/5/2025 17:57,[Burger],4,28.68,PayPal,Yes,41,0,Unsatisfied
O0422,U016,7,W009,1/3/2025 17:55,[Beer],2,22.16,PayPal,Yes,55,1.45,Satisfied
O0423,U026,2,W007,1/8/2025 9:28,"[Salad,Juice]",3,49.67,PayPal,No,56,2.54,Neutral
O0424,U027,5,W004,1/6/2025 11:29,"[Wine,Salad,Burger,Steak,Beer]",3,118.38,Cash,Yes,28,0,Unsatisfied
O0425,U009,10,W002,1/9/2025 9:21,"[Water,Wine,Juice]",4,78.28,Cash,Yes,,0,Unsatisfied
O0426,U002,2,W002,1/7/2025 17:58,[Soup],3,17.4,PayPal,No,47,3.14,Satisfied
O0427,U009,10,W006,1/3/2025 17:59,"[Steak,Juice]",5,54.12,PayPal,Yes,,3.32,Neutral
O0428,U020,2,W010,1/2/2025 5:48,"[Soup,Coke,Water]",3,97.61,PayPal,No,60,0,Unsatisfied
O0429,U040,2,W010,1/8/2025 20:18,"[Soup,Steak,Water,Pizza,Juice]",4,102.41,CreditCard,No,25,0,Unsatisfied
O0430,U031,1,W004,1/9/2025 1:54,"[Juice,Pasta,Bread,Pizza,Beer]",1,142.78,Cash,No,17,23.21,Satisfied
O0431,U004,3,W005,1/5/2025 16:28,[Steak],4,28.98,CreditCard,Yes,58,1.45,Satisfied
O0432,U034,2,W001,1/4/2025 12:53,[Pasta],1,25.36,PayPal,Yes,43,0,Unsatisfied
O0433,U042,3,W005,1/6/2025 12:56,[Beer],5,43.25,Cash,Yes,39,0,Unsatisfied
O0434,U041,4,W005,1/2/2025 19:49,"[Pizza,Steak,Salad]",2,43.06,CreditCard,No,,7.85,Satisfied
O0435,U041,8,W004,1/8/2025 20:09,"[Fries,Water]",3,50.62,Cash,No,20,3.11,Neutral
O0436,U004,3,W003,1/2/2025 18:43,"[Coke,Pasta]",2,67.85,CreditCard,No,14,0,Unsatisfied
O0437,U016,5,W005,1/2/2025 7:25,"[Soup,Salad,Bread,Water,Pasta]",3,116.61,PayPal,Yes,41,11.68,Satisfied
O0438,U035,10,W001,1/4/2025 7:19,[Salad],6,37.78,Cash,No,5,1.18,Neutral
O0439,U040,7,W004,1/4/2025 14:52,[Steak],1,17.16,CreditCard,Yes,5,0,Unsatisfied
O0440,U045,7,W001,1/4/2025 6:50,"[Coke,Soup]",3,37.34,PayPal,No,36,3.42,Neutral
O0441,U033,2,W001,1/3/2025 10:06,"[Salad,Pasta]",2,47.86,CreditCard,No,48,0,Unsatisfied
O0442,U031,5,W005,1/2/2025 7:24,"[Juice,Wine]",2,41.17,CreditCard,No,26,0,Unsatisfied
O0443,U026,2,W001,1/2/2025 2:31,"[Coke,Pizza,Bread]",3,52.04,CreditCard,No,59,8.13,Satisfied
O0444,U003,1,W006,1/7/2025 23:30,"[Juice,Coke,Pizza,Wine,Pasta]",1,47.47,CreditCard,Yes,37,9.01,Satisfied
O0445,U031,10,W008,1/2/2025 23:32,"[Salad,Bread,Juice,Pasta,Fries]",1,79.49,Cash,Yes,26,14.58,Satisfied
O0446,U023,6,W010,1/6/2025 5:52,"[Beer,Soup,Juice,Burger,Pasta]",3,87.87,CreditCard,Yes,37,3.8,Neutral
O0447,U034,8,W008,1/10/2025 18:25,"[Beer,Bread]",3,61.74,PayPal,No,45,0,Unsatisfied
O0448,U039,7,W004,1/6/2025 17:26,"[Coke,Soup,Steak]",6,101.31,Cash,No,48,13.65,Satisfied
O0449,U040,5,W006,1/3/2025 23:25,[Steak],5,35.73,PayPal,No,57,0,Unsatisfied
O0450,U042,5,W006,1/4/2025 11:47,[Salad],5,30.61,PayPal,No,21,2.93,Neutral
O0451,U022,4,W004,1/8/2025 23:29,"[Beer,Wine,Juice,Coke]",1,92.2,PayPal,Yes,25,0,Unsatisfied
O0452,U040,5,W005,1/3/2025 1:25,[Juice],6,37.65,Cash,Yes,58,0.34,Neutral
O0453,U004,7,W008,1/5/2025 13:34,"[Fries,Juice]",5,56.82,PayPal,No,29,2.2,Neutral
O0454,U047,10,W003,1/7/2025 21:13,"[Fries,Pizza,Juice,Salad,Bread]",3,71.21,Cash,Yes,40,0,Unsatisfied
O0455,U044,4,W006,1/6/2025 13:45,"[Coke,Pasta,Steak]",3,47.03,PayPal,Yes,52,3.74,Satisfied
O0456,U017,10,W008,1/2/2025 8:20,"[Pizza,Steak,Burger,Salad,Coke]",5,109.05,CreditCard,Yes,58,19.09,Satisfied
O0457,U034,9,W003,1/3/2025 11:54,"[Pizza,Bread]",6,54.01,CreditCard,No,19,8.77,Satisfied
O0458,U035,9,W008,1/9/2025 5:56,[Juice],6,54.45,CreditCard,No,48,6.44,Satisfied
O0459,U026,3,W004,1/4/2025 16:57,[Steak],5,26.34,Cash,Yes,,0.6,Neutral
O0460,U004,7,W003,1/9/2025 4:24,"[Salad,Water]",1,50.2,Cash,No,10,0,Unsatisfied
O0461,U031,8,W010,1/9/2025 12:12,[Juice],3,22.08,CreditCard,Yes,,3.08,Satisfied
O0462,U015,4,W007,1/2/2025 13:54,"[Soup,Wine]",4,52.31,PayPal,Yes,53,0,Unsatisfied
O0463,U033,7,W010,1/5/2025 13:19,"[Coke,Fries]",5,73.64,Cash,No,28,0.69,Neutral
O0464,U037,7,W003,1/2/2025 14:25,[Steak],3,25.98,CreditCard,Yes,32,2.98,Satisfied
O0465,U032,10,W007,1/7/2025 14:47,[Bread],2,25.08,Cash,Yes,55,1.53,Satisfied
O0466,U046,5,W002,1/4/2025 20:29,[Bread],6,42.79,PayPal,Yes,57,0,Unsatisfied
O0467,U036,1,W004,1/9/2025 11:41,"[Pizza,Pasta]",5,52.69,PayPal,Yes,34,3.02,Neutral
O0468,U043,6,W004,1/8/2025 5:40,"[Pasta,Coke,Water]",4,65.41,PayPal,Yes,21,4.68,Neutral
O0469,U026,10,W009,1/2/2025 9:46,"[Burger,Wine,Bread,Pasta,Pizza]",1,101.98,Cash,No,12,5.57,Satisfied
O0470,U025,9,W006,1/8/2025 23:43,"[Water,Beer,Juice,Fries,Burger]",5,166.69,CreditCard,No,5,30.46,Satisfied
O0471,U006,6,W009,1/7/2025 8:42,[Wine],5,38.09,CreditCard,No,5,5.34,Satisfied
O0472,U045,10,W004,1/6/2025 4:07,"[Salad,Juice,Fries,Coke,Bread]",3,133.23,Cash,No,29,0,Unsatisfied
O0473,U017,9,W005,1/7/2025 12:28,"[Pasta,Juice,Salad,Fries]",5,75.57,CreditCard,Yes,46,1.48,Neutral
O0474,U006,9,W010,1/7/2025 5:02,"[Salad,Pizza,Fries,Water,Steak]",6,101.35,Cash,Yes,53,9.68,Neutral
O0475,U003,9,W002,1/10/2025 20:57,"[Coke,Bread,Pizza,Steak]",6,73.7,CreditCard,Yes,52,0,Unsatisfied
O0476,U005,4,W008,1/9/2025 9:24,"[Salad,Steak]",6,58.02,CreditCard,No,5,7.63,Satisfied
O0477,U037,8,W001,1/10/2025 15:23,"[Juice,Salad]",4,65.28,CreditCard,No,8,4.09,Satisfied
O0478,U020,7,W007,1/3/2025 17:27,"[Steak,Water,Pasta,Burger]",1,79.83,Cash,No,39,5.27,Neutral
O0479,U002,1,W010,1/9/2025 5:28,"[Burger,Beer,Coke,Steak]",3,64.39,PayPal,Yes,40,0,Unsatisfied
O0480,U042,8,W003,1/7/2025 0:56,"[Salad,Pasta]",3,66.89,PayPal,No,44,5.13,Neutral
O0481,U020,9,W007,1/2/2025 23:10,[Coke],1,16.91,PayPal,No,49,0.54,Neutral
O0482,U049,2,W003,1/9/2025 8:20,[Pizza],6,35.63,Cash,No,30,2.28,Neutral
O0483,U020,6,W002,1/2/2025 20:01,[Water],5,34.7,PayPal,Yes,11,0,Unsatisfied
O0484,U046,5,W007,1/4/2025 19:50,"[Fries,Burger]",6,47.74,PayPal,Yes,18,8.46,Satisfied
O0485,U045,8,W004,1/2/2025 2:34,"[Wine,Water,Soup]",6,110.14,CreditCard,No,43,0,Unsatisfied
O0486,U041,4,W005,1/9/2025 14:26,"[Pizza,Pasta,Bread,Fries,Soup]",5,72.83,CreditCard,Yes,11,0,Unsatisfied
O0487,U032,4,W009,1/2/2025 14:54,[Soup],5,22.72,PayPal,Yes,40,0,Unsatisfied
O0488,U025,7,W003,1/5/2025 5:51,"[Water,Juice]",5,42.97,PayPal,No,54,2.91,Satisfied
O0489,U048,9,W010,1/7/2025 20:01,"[Salad,Steak,Beer]",4,90.5,PayPal,No,17,11.86,Satisfied
O0490,U009,6,W008,1/4/2025 16:06,"[Burger,Coke]",5,69.17,PayPal,No,35,0,Unsatisfied
O0491,U014,2,W009,1/7/2025 4:21,"[Coke,Pizza,Burger,Fries]",6,80.75,CreditCard,No,12,6.06,Neutral
O0492,U013,6,W009,1/2/2025 7:18,"[Water,Burger,Beer]",6,96.65,CreditCard,No,38,12.93,Satisfied
O0493,U019,10,W009,1/5/2025 20:34,"[Water,Burger,Fries]",3,57.67,PayPal,Yes,34,0,Unsatisfied
O0494,U040,9,W003,1/6/2025 17:55,"[Soup,Juice,Fries,Burger]",4,77.61,PayPal,No,49,13.57,Satisfied
O0495,U025,6,W003,1/7/2025 6:14,"[Fries,Burger,Wine,Soup,Coke]",4,156.26,Cash,No,51,0,Unsatisfied
O0496,U050,9,W009,1/8/2025 17:31,[Water],3,28.79,Cash,Yes,60,0.87,Neutral
O0497,U033,5,W003,1/10/2025 8:30,"[Wine,Salad]",5,42.32,Cash,Yes,29,2.96,Satisfied
O0498,U013,6,W001,1/3/2025 17:41,[Salad],2,35.19,Cash,No,18,0.82,Neutral
O0499,U021,8,W002,1/10/2025 10:36,[Coke],3,32.29,CreditCard,Yes,33,2.12,Satisfied
O0500,U040,8,W009,1/6/2025 9:16,"[Steak,Fries,Juice,Bread,Beer]",5,117.89,PayPal,No,49,0,Unsatisfied
